category,company,hq,date,amount_usd,round,workflow_id,source
agriculture-commodity,Pillar,"New York, US (per secondary coverage)",2026-04-14,20000000,"Seed (led by Andreessen Horowitz; Crucible Capital, Gallery Ventures, Dara Khosrowshahi; $23M raised in total)",agriculture-commodity:wf_hedging_risk,"https://techcrunch.com/2026/04/14/financial-risk-management-platform-pillar-raises-20m-seed-in-round-led-by-a16z/ ; https://www.cornerforai.com/news/pillar-raises-20-million-seed-round-led-by-a16z-to-automate-ai-powered-commodity-hedging (targets metals, food and agriculture, airlines)"
agriculture-commodity,Helios AI,"Tysons, Virginia, US",2025-09-25,4700000,"Seed (led by Collide Capital; S&P Global Ventures, Stray Dog Capital, Angeles VC, Equity Alliance, Supply Change Capital)",agriculture-commodity:wf_market_intel,https://globalaginvesting.com/helios-ai-secures-4-7m-in-seed-round-for-ag-commodity-ai-copilot-launch/
agriculture-commodity,Octopusbot,"Sydney, Australia",2026-07-28,650000,"First raise, A$1M (about US$0.65M; round name not given) from Folklore Ventures and No Brand",agriculture-commodity:wf_market_intel,https://www.startupdaily.net/topic/funding/agtech-startup-using-ai-to-predict-grain-crops-plants-1-million-first-raise/
airline-pss,Fetcherr,"Tel Aviv, Israel",2025-09-30,42000000,"Series C (Salesforce Ventures lead; Battery Ventures, Left Lane Capital, M-Fund)",airline-pss:fares_inventory_pricing,https://www.fetcherr.io/blog/fetcherr-secures-series-c
airline-pss,TravelX,"New York, US",2026-08-21,,"Series A (Kaszek lead, Thayer Ventures; amount undisclosed, $45M total raised)",airline-pss:ticket_exchanges_refunds_accounting,https://www.finsmes.com/2026/08/travelx-closes-series-a-funding.html
capital-markets-trading-clearing,Saphyre,"New Jersey, US",2025-07-31,70000000,Growth equity (FTV Capital),capital-markets-trading-clearing:trade-capture-confirmation,https://fintech.global/2025/08/01/saphyre-lands-70m-to-scale-ai-trading-workflow-platform/
capital-markets-trading-clearing,Sahi (Aaritya Technologies),"Bengaluru, India",2025-06-25,10500000,"Series A (Accel, Elevation Capital)",capital-markets-trading-clearing:order-entry-execution,https://india.entrepreneur.com/news-and-trends/broking-platform-sahi-secures-usd-105-mn-series-a-from/493760
capital-markets-trading-clearing,Sahi (Aaritya Technologies),"Bengaluru, India",2026-04-29,33000000,"Series B (Accel, Elevation Capital)",capital-markets-trading-clearing:order-entry-execution,https://www.outlookbusiness.com/corporate/sahi-series-b-funding-33mn-accel-ai-trading-platform
capital-markets-trading-clearing,Transient.AI,"New York, US",2026-05-18,,Series A (led by NEXT Investors),capital-markets-trading-clearing:trade-capture-confirmation,https://finance.yahoo.com/sectors/technology/articles/next-investors-invests-transient-ai-123000254.html
capital-markets-trading-clearing,Ingenuity Trading,"New York, US",2026-06-09,4800000,"Seed (Moneta Ventures, ThinkAlpha)",capital-markets-trading-clearing:order-entry-execution,https://www.thesaasnews.com/news/ingenuity-trading-raises-4-8m-seed/
capital-markets-trading-clearing,TovenAI,"San Francisco, US",2026-06,,Pre-seed (Y Combinator Summer 2026),capital-markets-trading-clearing:regulatory-reporting-surveillance,https://www.ycombinator.com/companies/tovenai
capital-markets-trading-clearing,Transient.AI,"New York, US",2026-09-16,,"Series A extension (strategic investment, Nasdaq Ventures)",capital-markets-trading-clearing:trade-capture-confirmation,https://www.fow.com/insights/nasdaq-ventures-joins-transient-ais-series-a-funding-round-in-enterprise-ai-push
card-payments-processing,Justt,"New York, US (R&D in Tel Aviv)",2024-12-20,30000000,Series C (led by Zeev Ventures),card-payments-processing:wf_disputes,https://www.finsmes.com/2024/12/justt-raises-30m-series-c-funding.html
card-payments-processing,Bureau,"San Francisco, US",2024-12-19,30000000,Series B (led by Sorenson Capital),card-payments-processing:wf_fraud_alerts,https://www.finsmes.com/2024/12/bureau-raises-30m-in-series-b-funding.html
card-payments-processing,Sardine,US (HQ not stated in opened release),2025-02-11,70000000,Series C (led by Activant Capital); includes a Disputes Agent,card-payments-processing:wf_fraud_alerts,https://www.sardine.ai/press/pr/fraud-and-compliance-productivity
card-payments-processing,Worth,"Orlando, Florida, US",2025-03-11,25000000,Seed/growth investment (led by TTV Capital),card-payments-processing:wf_underwriting_issuance,https://www.pymnts.com/smbs/2026/worth-raises-30-million-to-streamline-small-business-onboarding-and-underwriting/
card-payments-processing,Disputed.ai,Not stated in opened source,2025-03-14,1100000,Seed,card-payments-processing:wf_disputes,https://fintech.global/2025/03/14/disputed-ai-raises-1-1m-to-revolutionise-ai-powered-chargeback-management/
card-payments-processing,Nekuda,Not stated in opened source,2025-05-19,5000000,"Seed (led by Madrona, with Amex Ventures and Visa Ventures)",card-payments-processing:none (agentic card-credential layer; maps to no listed workflow),https://pulse2.com/nekuda-5-million-raised-for-building-infrastructure-for-agentic-payments/
card-payments-processing,Simetrik,Not stated in opened source (Colombia-founded),2025-06-07,30000000,Series B1 extension (led by Goldman Sachs Alternatives; Series B total $85M),card-payments-processing:wf_settlement_recon,https://simetrik.com/blog/simetrik-raises-85m-to-redefine-financial-reconciliation-with-ai/
card-payments-processing,Gradient Labs,"London, UK (HQ not stated in opened source)",2025-07-08,13000000,Series A,card-payments-processing:wf_cardholder_servicing,https://gradient-labs.ai/blog/weve-raised-26m-to-bring-autonomous-customer-operations-to-financial-services
card-payments-processing,SEON,"Austin, US (per search result; not stated in opened release)",2025-09-16,80000000,Series C (led by Sixth Street Growth),card-payments-processing:wf_fraud_alerts,https://seon.io/resources/seons-series-c-80m-to-power-global-momentum-innovation/
card-payments-processing,Feedzai,Not stated in opened source (Portugal-founded),2025-10-02,75000000,Series E at $2B+ valuation,card-payments-processing:wf_fraud_alerts,https://www.feedzai.com/inthenews/feedzai-raises-75m-at-2b-valuation-secures-key-role-in-digital-euro-fraud-prevention/
card-payments-processing,Chargeflow,Not stated in opened source,2025-11-18,35000000,Series A (led by Viola Growth) plus $10M debt facility,card-payments-processing:wf_disputes,https://www.chargeflow.io/blog/chargeflow-raises-35m-series-a-to-transform-chargeback-management
card-payments-processing,Worth,"Orlando, Florida, US",2026-03-24,30000000,"Series A (led by Fulcrum Equity Partners, with Amex Ventures)",card-payments-processing:wf_underwriting_issuance,https://www.pymnts.com/smbs/2026/worth-raises-30-million-to-streamline-small-business-onboarding-and-underwriting/
card-payments-processing,Gradient Labs,"London, UK (HQ not stated in opened source)",2026-10-02,13000000,Series A extension (to $26M total; led by Octopus Ventures and CommerzVentures),card-payments-processing:wf_cardholder_servicing,https://gradient-labs.ai/blog/weve-raised-26m-to-bring-autonomous-customer-operations-to-financial-services
construction-project-accounting,Field Materials,"Charlotte, NC, US",2025-04-30,10500000,Series A (led by Navitas Capital),construction-project-accounting:wf_ap_job_cost_coding,https://www.prweb.com/releases/co-founded-by-entrepreneur-with-paypal-exit-field-materials-raises-10-5m-to-automate-construction-procurement-with-ai-302440832.html
construction-project-accounting,ProcIndex,"San Francisco, US",2025-06,,Y Combinator Summer 2025 (amount undisclosed),construction-project-accounting:wf_ap_job_cost_coding,https://www.ycombinator.com/companies/procindex
construction-project-accounting,Pillar,"Milan, Italy",2026-05-12,13600000,"Seed, EUR 12M (co-led by Earlybird and Base10)",construction-project-accounting:wf_change_orders_cost_forecast,https://techfundingnews.com/earlybird-and-base10-back-pillars-e12m-round-to-build-an-operating-system-for-construction/
construction-project-accounting,Adaptive,"Boston and New York, US",2026-09-17,30000000,Series B (led by Tidemark),construction-project-accounting:wf_ap_job_cost_coding,https://www.prnewswire.com/news-releases/adaptive-raises-30-million-series-b-led-by-tidemark-to-bring-agentic-accounting-to-construction-302881537.html
cooperative-rural-microfinance-banking,Casca (formerly Cascading AI),"California, US",2025-08-19,29000000,Series A (led by Canapi Ventures),cooperative-rural-microfinance-banking:wf_loan_origination,https://finovate.com/casca-raises-29-million-series-a-for-ai-loan-origination/
cooperative-rural-microfinance-banking,Uptiq (pivoted from Cion Digital to AI in 2023),"Austin, Texas, US",2026-02-12,25000000,"Series B (led by Curql, the credit-union VC fund)",cooperative-rural-microfinance-banking:wf_loan_origination,https://www.uptiq.ai/press-releases/uptiq-raises-25m-to-add-ai-agents-to-bank-workflows
cooperative-rural-microfinance-banking,Fuse (fusefinance.com),US,2026-03-16,25000000,Series A (led by Footwork),cooperative-rural-microfinance-banking:wf_loan_origination,https://techcrunch.com/2026/03/16/fuse-raises-25m-to-disrupt-aging-loan-origination-systems-used-by-u-s-credit-unions/
cooperative-rural-microfinance-banking,Saris,"San Francisco, US",2026-05-28,28800000,Series A (led by 8VC),cooperative-rural-microfinance-banking:wf_loan_origination,https://techstartups.com/2026/05/28/saris-raises-28-8m-series-a-to-bring-agentic-ai-workflows-to-banks-and-credit-unions/
cooperative-rural-microfinance-banking,Lama AI,"New York, US (R&D in Tel Aviv)",2026-06-23,12000000,Series A (led by EJF Ventures),cooperative-rural-microfinance-banking:wf_loan_origination,https://www.calcalistech.com/ctechnews/article/rjmlf1omme
core-banking,interface.ai,"Covina, CA, US",2024-10-22,30000000,"First external round ($20M equity + $10M debt), led by Avataar Venture Partners",core-banking:wf-customer-servicing,https://www.maginative.com/article/interface-ai-raises-30m-in-first-external-funding-round-to-expand-ai-banking-solutions/ ; https://www.finsmes.com/2024/10/interface-ai-raises-funding.html
core-banking,Zest AI,"Burbank, CA, US",2024-12-13,200000000,"Growth, led by Insight Partners",core-banking:wf-lending-collections,https://www.finsmes.com/2024/12/zest-ai-raises-200m-in-growth-funding-from-insight-partners.html
core-banking,Greenlite AI (now Bretton AI),"San Francisco, CA, US",2025-05-21,15000000,"Series A, led by Greylock",core-banking:wf-onboarding-kyc-aml,https://finovate.com/greenlite-ai-lands-15-million-in-series-a-funding/
core-banking,Casca,"San Francisco, CA, US",2025-08-19,29000000,"Series A, led by Canapi Ventures (Live Oak, Huntington, Bankwell participating)",core-banking:wf-lending-collections,https://www.cascading.ai/company/series-a-announcement
core-banking,Covecta,"London, UK",2025-09-16,6500000,"Seed, led by Salesforce Ventures",core-banking:wf-lending-collections,https://www.covecta.io/post/covecta-raises-6-5-million-to-redefine-how-financial-services-teams-operate
core-banking,OnFinance AI,"Bengaluru, India",2025-09-23,4200000,"Pre-Series A, led by Peak XV's Surge",core-banking:wf-recon-exceptions-reporting,https://fintech.global/2025/09/23/fintech-firm-onfinance-ai-secures-4-2m-pre-series-a/
core-banking,Bretton AI (formerly Greenlite AI),"San Francisco, CA, US",2026-02-11,75000000,"Series B, led by Sapphire Ventures",core-banking:wf-onboarding-kyc-aml,https://fintech.global/2026/02/11/ai-compliance-firm-bretton-ai-lands-75m/
core-banking,Saris AI,"San Francisco, CA, US",2026-05-28,28800000,"Series A, led by 8VC",core-banking:wf-lending-collections,https://www.financexmagazine.com/post/agentic-ai-banking-platform-saris-closes-28-8m-series-a-to-automate-70-of-lending-workflows
core-banking,Titan,Not stated in opened source (US),2026-06-10,3000000,"Venture round, led by Entropy Ventures",core-banking:wf-customer-servicing,https://fintech.global/2026/06/10/titan-raises-3m-to-bring-native-ai-to-banking/
core-banking,Maximum,"Miami, FL, US",2026-08-03,30000000,"Seed, led by CRV",core-banking:wf-core-ledger-batch-maintenance,https://www.globenewswire.com/news-release/2026/08/03/3337824/0/en/maximum-raises-30-million-to-build-the-ai-native-operating-system-for-banks.html
courts-justice,TrialKit,"New York, NY, US (some profiles list Clifton, NJ)",2025-04-02,4250000,Seed (led by UpWest),courts-justice:courts-justice:evidence-discovery-review,https://www.legaltech-talk.com/trialkit-launches-ai-powered-legal-discovery-platform-secures-4-25m-seed-funding-to-transform-criminal-defense/
courts-justice,Nyayanidhi,"Bengaluru, India",2025-11-12,2000000,Seed (led by 3one4 Capital),courts-justice:courts-justice:intake-docketing,https://www.outlookbusiness.com/corporate/bengaluru-start-up-nyayanidhi-raises-2-mn-seed-to-build-indias-litigation-os
courts-justice,Adalat AI,"New Delhi, India (nonprofit)",2026-08-21,,"Accelerator: Y Combinator F26 batch (nonprofit, amount not disclosed). Otherwise grant-funded only",courts-justice:courts-justice:courtroom-record,https://www.whalesbook.com/news/English/technology/Adalat-AI-Joins-Y-Combinator-to-Scale-Indian-Court-Modernization/6a87ffd984d2dd5c12df29ca
courts-justice,Learned Hand,US,2026-09-30,,"Acquired by Clio, terms not disclosed (an exit, not a funding round; about $5M raised earlier per Business Insider, date not found)",courts-justice:courts-justice:judicial-research-drafting,https://www.abajournal.com/news/article/clio-acquires-learned-hand-an-ai-company-for-courts-and-judges
ehr-hospital,Hippocratic AI,"Palo Alto, CA, US",2025-01-10,141000000,Series B (Kleiner Perkins lead; $1.64B valuation),ehr-hospital:wf_care_coordination,https://www.verdict.co.uk/healthcare-hippocratic-ai-141m/
ehr-hospital,Qventus,"US (Mountain View, CA; FinSMEs lists New York)",2025-01-13,105000000,Series D (KKR lead; $85M equity plus $20M optional debt),ehr-hospital:wf_care_coordination,https://www.finsmes.com/2025/01/qventus-raises-105m-in-series-d.html
ehr-hospital,Abridge,"Pittsburgh, PA, US",2025-02-17,250000000,Series D (Elad Gil and IVP co-lead; $2.75B post-money),ehr-hospital:wf_clinical_documentation,https://www.abridge.com/press-release/series-d
ehr-hospital,SmarterDx,"New York, NY, US",2025-04-15,,"Strategic (control) investment by New Mountain Capital, amount undisclosed",ehr-hospital:wf_coding_revenue_him,https://www.finsmes.com/2025/04/smarterdx-receives-strategic-investment-from-new-mountain-capital.html
ehr-hospital,Lyrebird Health,"Melbourne, Australia",2025-06-10,12000000,"Series A (Five V Capital lead, Octopus Ventures; $50M valuation)",ehr-hospital:wf_clinical_documentation,https://www.startupdaily.net/topic/funding/ai-powered-healthcare-transcription-platform-prescribed-12-million/
ehr-hospital,Nabla,"Paris, France / New York, US",2025-06-17,70000000,"Series C (HV Capital lead, Highland Europe)",ehr-hospital:wf_clinical_documentation,https://www.prnewswire.com/news-releases/nabla-raises-70m-series-c-to-deliver-agentic-ai-to-the-heart-of-clinical-workflows-bringing-total-funding-to-120m-302483646.html
ehr-hospital,Abridge,"Pittsburgh, PA, US",2025-06-24,300000000,Series E (Andreessen Horowitz lead; $5.3B valuation),ehr-hospital:wf_clinical_documentation,https://sacra.com/c/abridge/
ehr-hospital,Tandem Health,"Stockholm, Sweden",2025-07-14,50000000,"Series A (Kinnevik lead, Northzone, Amino Collective)",ehr-hospital:wf_clinical_documentation,https://tech.eu/2025/07/14/tandem-health-raises-50m-series-a-to-scale-its-ai-scribe-across-the-nhs/
ehr-hospital,Ambience Healthcare,"San Francisco, CA, US",2025-07-29,243000000,Series C (Oak HC/FT and a16z co-lead),ehr-hospital:wf_clinical_documentation,https://www.ambiencehealthcare.com/blog/ambience-healthcare-announces-243-million-series-c-to-scale-its-ai-platform-for-health-systems
ehr-hospital,Heidi Health,"Melbourne, Australia",2025-10-06,65000000,Series B (Point72 Private Investments lead; $465M valuation),ehr-hospital:wf_clinical_documentation,https://www.medicaleconomics.com/view/heidi-raises-65-million-to-expand-ai-care-partner-for-clinicians
ehr-hospital,Hippocratic AI,"Palo Alto, CA, US",2025-11-03,126000000,Series C (Avenir Growth lead; $3.5B valuation),ehr-hospital:wf_care_coordination,https://www.techtarget.com/healthtechanalytics/news/366634018/Hippocratic-AI-snags-126M-valuation-soars-to-35B
ehr-hospital,Latent Health,"San Francisco, CA, US",2026-03-19,80000000,Series A (Spark Capital and Transformation Capital co-lead),ehr-hospital:wf_coding_revenue_him,https://www.finsmes.com/2026/03/latent-health-raises-80m-in-series-a-funding.html
ehr-hospital,Abridge,"Pittsburgh, PA, US",2026-04,316000000,Series E extension (reported; at the $5.3B valuation),ehr-hospital:wf_clinical_documentation,https://sacra.com/c/abridge/
ehr-hospital,Arintra,"Texas, US",2026-08,25000000,"Series B (Define Ventures lead; Peak XV, Yale New Haven Health Ventures)",ehr-hospital:wf_coding_revenue_him,https://news.outsourceaccelerator.com/arintra-medical-coding/
ehr-hospital,Tandem Health,"Stockholm, Sweden",2026-09-14,100000000,Series B (EQT-managed Scaleup Europe Fund lead),ehr-hospital:wf_clinical_documentation,https://tech.eu/2026/09/14/swedish-healthtech-tandem-health-scores-100m-series-b-led-by-eus-eur5bn-tech-startup-fund
ehr-hospital,Heidi Health,"Melbourne, Australia",2026-09-22,100000000,"Series C (Blackbird lead), announced with a separate $240M General Catalyst growth financing ($340M total package)",ehr-hospital:wf_clinical_documentation,https://siliconangle.com/2026/09/22/heidi-health-nabs-340m-to-deepen-adoption-of-ai-agents-within-health-systems-globally/
ehr-hospital,Prodoc AI,"Bengaluru, India",2026-09-30,,"Seed (Dr. A. Velumani Family Office lead), amount undisclosed",ehr-hospital:wf_care_coordination,https://ehealth.eletsonline.com/2026/10/prodoc-ai-raises-seed-funding-to-build-intelligence-layer-for-indian-hospitals/
erp-distribution,Plato,"Berlin, DE",2024-11-04,6500000,Pre-seed (Cherry Ventures),erp-distribution:quoting_pricing,https://tech.eu/2024/11/04/plato-raises-65m-for-ai-based-erp-automation-platform/
erp-distribution,Endeavor (endeavor.ai),"San Francisco, US",2024-11-05,7000000,Seed (Craft Ventures),erp-distribution:order_intake,https://industrialmachinerydigest.com/software/endeavor-raises-7m-to-revitalize-american-manufacturing-with-ai/
erp-distribution,Doss,"San Francisco, US",2025-04-15,18000000,Series A (Theory Ventures),erp-distribution:warehouse_inventory,https://www.upstartsmedia.com/p/ai-startup-taking-on-netsuite
erp-distribution,Kanava AI,"San Francisco, US",2025 (YC Spring 2025 batch),500000,Pre-seed (YC standard deal),erp-distribution:quoting_pricing,https://www.ycombinator.com/companies/kanava-ai ; https://www.ycombinator.com/deal
erp-distribution,Parspec,"San Mateo, US",2025-07,20000000,Series A (Threshold Ventures),erp-distribution:quoting_pricing,https://www.traxtech.com/ai-in-supply-chain/ai-construction-procurement-startup-parspec-raises-20m-series-a
erp-distribution,Comena,"Munich, DE",2025 (YC Summer 2025 batch),500000,Pre-seed (YC standard deal),erp-distribution:order_intake,https://www.ycombinator.com/companies/comena ; https://www.ycombinator.com/deal
erp-distribution,Burnt,"San Francisco, US",2025-09-25,3800000,Seed (Penny Jar Capital),erp-distribution:order_intake,https://www.prnewswire.com/news-releases/burnt-raises-3-8m-in-seed-funding-to-accelerate-food-supply-chain-302567414.html
erp-distribution,Mercura,"Munich, DE",2025-12-29,2100000,"Seed (TQ Ventures, SignalFire, YC)",erp-distribution:quoting_pricing,https://www.startbase.com/news/ki-startup-mercura-sammelt-ueber-21-millionen-us-dollar-ein/
erp-distribution,Didero,"New York, US",2026-02-12,30000000,"Series A (Chemistry, Headline; M12)",erp-distribution:purchasing_replenishment,https://siliconangle.com/2026/02/12/didero-raises-30m-series-expand-agentic-ai-enterprise-procurement/
erp-distribution,Plato,"Berlin, DE",2026-02-19,14500000,Seed (Atomico),erp-distribution:quoting_pricing,https://techfundingnews.com/plato-raises-12m-seed-atomico-ai-distributors/
erp-distribution,Anchr,"New York, US",2026-03-10,5800000,"Seed (a16z speedrun, Anterra)",erp-distribution:order_intake,https://www.globenewswire.com/news-release/2026/03/10/3252874/0/en/Anchr-raises-5-8M-to-bring-AI-native-automation-to-America-s-food-supply-chain.html
erp-distribution,Rebar,"New York, US",2026-03-10,14000000,Series A (Prudence),erp-distribution:quoting_pricing,https://news.crunchbase.com/real-estate-property-tech/ai-generated-hvac-quotes-rebar-seriesa/
erp-distribution,Doss,"San Francisco, US",2026-03-24,55000000,"Series B (Madrona, Premji Invest)",erp-distribution:warehouse_inventory,https://techcrunch.com/2026/03/24/doss-raises-55m-for-ai-inventory-management-that-plugs-into-erp/
erp-distribution,Canals,"Miami, US",2026-05-28,35000000,Series A (Base10 Partners); first institutional round after bootstrapping since 2022,erp-distribution:order_intake,https://distributionstrategy.com/2026/05/canals-raises-35-million-to-expand-ai-automation-platform-for-wholesale-distributors/
erp-distribution,Whitespace,"San Francisco, US",2026 (YC Summer 2026 batch),500000,Pre-seed (YC standard deal),erp-distribution:warehouse_inventory,https://www.ycombinator.com/companies/whitespace ; https://www.ycombinator.com/deal
erp-distribution,Lark,"San Francisco, US",2026 (YC Fall 2026 batch),500000,Pre-seed (YC standard deal),erp-distribution:purchasing_replenishment,https://www.ycombinator.com/companies/lark-2 ; https://www.ycombinator.com/deal
erp-manufacturing,Endeavor (endeavor.ai),"San Francisco, CA, US",2024-11-05,7000000,Seed (Craft Ventures lead),erp-manufacturing:wf-order-to-promise,https://www.finsmes.com/2024/11/endeavor-raises-7m-in-seed-funding.html
erp-manufacturing,Doss,"San Francisco, CA, US",2025-04-15,18000000,Series A (Theory Ventures lead),erp-manufacturing:wf-shop-floor-inventory,https://www.upstartsmedia.com/p/ai-startup-taking-on-netsuite
erp-manufacturing,Harmony (tryharmony.ai),"Chattanooga, TN, US",2025-06,1600000,Pre-seed,erp-manufacturing:wf-production-planning,https://hypepotamus.com/startup-news/inside-harmony-ais-factory-verticalization-how-the-chattanooga-startup-found-its-ai-use-case/
erp-manufacturing,Bravi,"New York, NY, US",2025 (YC Fall 2025),,Y Combinator F2025 (amount not disclosed),erp-manufacturing:wf-order-to-promise,https://www.ycombinator.com/companies/bravi
erp-manufacturing,Uptool,"San Mateo, CA, US",2026-02-04,6000000,"Seed (Khosla, Eclipse, Bessemer, Kleiner Perkins)",erp-manufacturing:wf-order-to-promise,https://www.prnewswire.com/news-releases/uptool-launches-from-stealth-with-ai-platform-to-accelerate-us-manufacturing-302678518.html
erp-manufacturing,Didero,"New York, NY, US",2026-02-12,30000000,"Series A (Chemistry and Headline co-lead, M12)",erp-manufacturing:wf-procurement,https://www.didero.ai/blog/series-a-announcement
erp-manufacturing,Doss,"San Francisco, CA, US",2026-03-24,55000000,Series B (Madrona and Premji Invest co-lead),erp-manufacturing:wf-shop-floor-inventory,https://techcrunch.com/2026/03/24/doss-raises-55m-for-ai-inventory-management-that-plugs-into-erp/
erp-manufacturing,Mandel AI,"Sofia, Bulgaria",2026-03-26,4100000,"Seed (EUR 3.6M; Y Combinator, Category Ventures, Ritual Capital, e2vc)",erp-manufacturing:wf-procurement,https://beinsure.com/news/mandel-ai-raises-e3-6-mn-seed/
erp-manufacturing,Smartbase,"San Francisco, CA, US",2026 (YC Spring 2026),,Y Combinator Spring 2026 (amount not disclosed),erp-manufacturing:wf-order-to-promise,https://www.ycombinator.com/companies/smartbase
erp-manufacturing,Traza,"New York, NY, US",2026-04-15,2100000,Pre-seed (Base10 lead),erp-manufacturing:wf-procurement,https://venturebeat.com/orchestration/traza-raises-usd2-1-million-led-by-base10-to-automate-procurement-workflows-with-ai
erp-manufacturing,Bizmark,"San Francisco, CA, US",2026 (YC Summer 2026),,Y Combinator S2026 (amount not disclosed),erp-manufacturing:wf-production-planning,https://www.ycombinator.com/companies/bizmark
erp-manufacturing,Waybill,"Gurugram, India",2026 (YC Summer 2026),,Y Combinator S2026 (amount not disclosed),erp-manufacturing:wf-procurement,https://www.ycombinator.com/companies/waybill
erp-manufacturing,Magentic,"London, UK (also New York)",2026-09-17,18000000,"Series A (Felicis lead; Sequoia, Westly Group)",erp-manufacturing:wf-procurement,https://techfundingnews.com/magentic-raises-18m-series-a-felicis-procurement-ai-agents/
field-service-maintenance,Tractian,"Atlanta, US",2024-12-05,120000000,Series C (lead Sapphire Ventures),field-service-maintenance:pm_planning,https://tractian.com/en/blog/tractian-raises-series-c-to-eliminate-industrial-downtime-worldwide
field-service-maintenance,Augury,"New York, US (R&D in Israel)",2025-02-19,75000000,Series F (lead Lightrock),field-service-maintenance:pm_planning,https://www.augury.com/media-center/press/augury-announces-75-million-of-funding-and-maintains-1b-valuation-as-it-accelerates-leadership-in-industrial-ai-solutions/
field-service-maintenance,Infinite Uptime,"Pune, India",2025-03-10,35000000,Series C (lead Avataar Ventures),field-service-maintenance:pm_planning,https://techcrunch.com/2025/03/10/infinite-uptime-bags-35m-to-help-factories-optimize-equipment-usage
field-service-maintenance,Groundup.ai,Singapore,2025-04-21,4250000,Series A (lead Tin Men Capital),field-service-maintenance:pm_planning,https://asiatechdaily.com/singapores-groundup-ai-raises-4-25m-to-scale-predictive-maintenance-tech/
field-service-maintenance,Netic,"San Francisco, US",2025-06-02,20000000,"Series A (Founders Fund, Greylock, Hanabi Capital)",field-service-maintenance:intake_triage,https://www.fenwick.com/insights/experience/fenwick-represents-netic-in--20m-series-a-funding
field-service-maintenance,Gecko Robotics,"Pittsburgh, US",2025-06-12,125000000,"Series D (lead Cox Enterprises), $1.25B valuation",field-service-maintenance:asset_records_compliance,https://technical.ly/entrepreneurship/gecko-robotics-raises-125m-unicorn-valuation/
field-service-maintenance,Netic,"San Francisco, US",2025-11-14,23000000,Series B (lead Founders Fund),field-service-maintenance:intake_triage,https://techfundingnews.com/netic-ai-raises-23m-for-plumbers-roofers-home-services/
field-service-maintenance,FYLD,"London, UK",2026-02-17,41000000,"Series B (lead Energy Impact Partners, with Partech)",field-service-maintenance:execution_closeout,https://siliconangle.com/2026/02/17/ai-field-operations-startup-fyld-raises-41m-help-build-large-scale-infrastructure/
field-service-maintenance,Edmund,"Ostrava, Czech Republic (EU)",2026-04-09,2700000,"Seed, EUR 2.5M (lead FORWARD.one)",field-service-maintenance:execution_closeout,https://tech.eu/2026/04/09/edmund-secures-eur25m-to-bring-ai-driven-troubleshooting-to-the-factory-floor/
field-service-maintenance,Prefix,"New York, US",2026-04-14,7500000,Seed (leads Collide Capital and Slow Ventures),field-service-maintenance:dispatch_scheduling,https://siliconangle.com/2026/04/14/prefix-raises-7-5m-scale-ai-driven-facility-management-platform/
field-service-maintenance,Avoca,"New York, US",2026-04-27,,"Series B, amount undisclosed (leads Meritech and General Catalyst), $1B valuation; $125M+ raised across seed, A and B",field-service-maintenance:intake_triage,https://www.prnewswire.com/news-releases/avoca-raises-125m-at-1b-valuation-to-power-americas-services-economy-with-ai-302753962.html
field-service-maintenance,Scope,"London, UK",2026-05-19,20000000,Series A (lead Index Ventures),field-service-maintenance:asset_records_compliance,https://www.startup.eu/investments/scope-20-m-05-2026
field-service-maintenance,Probook,"New York, US",2026-06-23,6000000,"Seed (lead Sequoia Capital), announced with Series A",field-service-maintenance:dispatch_scheduling,https://techfundingnews.com/built-by-a-tradesman-backed-by-a16z-and-sequoia-probook-raises-40m-to-reinvent-dispatch-for-americas-home-service-businesses/
field-service-maintenance,Probook,"New York, US",2026-06-23,34000000,Series A (lead Andreessen Horowitz),field-service-maintenance:dispatch_scheduling,https://techfundingnews.com/built-by-a-tradesman-backed-by-a16z-and-sequoia-probook-raises-40m-to-reinvent-dispatch-for-americas-home-service-businesses/
field-service-maintenance,Trendspek,"Sydney, Australia",2026-10-02,4000000,"Growth round, A$6M (lead OIF Ventures)",field-service-maintenance:asset_records_compliance,https://www.spatialsource.com.au/6-million-to-turn-drone-data-into-3d-asset-records/
financial-close-gl,Numeric,"San Francisco, US",2024-10-10,28000000,Series A (Menlo Ventures),financial-close-gl:wf_close_review_audit,https://techcrunch.com/2024/10/10/numeric-grabs-28m-series-a-for-automating-accounting-with-ai/
financial-close-gl,Basis,"New York, US",2024-12-17,34000000,Series A (Khosla Ventures),financial-close-gl:wf_reconciliation,https://www.getbasis.ai/blogs/basis-raises-a-34m-series-a-led-by-khosla-ventures
financial-close-gl,Truewind,"San Francisco, US",2025-01-08,13000000,"Series A (Thomson Reuters Ventures, Rho, Pathlight)",financial-close-gl:wf_journal_entries,https://www.cpapracticeadvisor.com/2025/01/08/truewind-accounting-ai-platform-raises-13-million-in-series-a-funding/154157/
financial-close-gl,Stacks,"Amsterdam, NL",2025-02-19,10000000,"Seed (EQT Ventures, General Catalyst)",financial-close-gl:wf_reconciliation,https://www.vestbee.com/insights/articles/stacks-raises-10-m
financial-close-gl,Rillet,"San Francisco, US",2025-05-28,25000000,Series A (Sequoia),financial-close-gl:wf_gl_core,https://techcrunch.com/2025/05/28/rillet-raises-25m-from-sequoia-to-automate-general-ledger-systems-using-ai/
financial-close-gl,Campfire,"San Francisco, US",2025-06-30,35000000,Series A (Accel),financial-close-gl:wf_gl_core,https://siliconangle.com/2025/06/30/campfire-reels-35m-ai-powered-erp-platform/
financial-close-gl,Nominal,"New York, US",2025-07-09,20000000,"Series A (Next47, with Workday Ventures)",financial-close-gl:wf_consolidation,https://www.nominal.so/press-room/nominal-raise-announcement
financial-close-gl,Rillet,"San Francisco, US",2025-08-06,70000000,"Series B (Andreessen Horowitz, ICONIQ)",financial-close-gl:wf_gl_core,https://www.globenewswire.com/news-release/2025/08/06/3128328/0/en/rillet-raises-70m-to-replace-20th-century-accounting-software-with-ai-native-erp-built-by-accountants.html
financial-close-gl,Light,"Copenhagen, DK",2025-09-25,30000000,Series A (Balderton),financial-close-gl:wf_gl_core,https://www.balderton.com/news/light-raises-30m-series-a-to-replace-legacy-finance-systems-with-ai-native-platform/
financial-close-gl,Maximor (now Hyphenate),"New York, US",2025-09-29,9000000,Seed (Foundation Capital),financial-close-gl:wf_journal_entries,https://hyphenate.ai/blog/maximor-raises-9m-to-give-cfos-audit-ready-finance-automation-without-erp-rip-and-replace
financial-close-gl,DualEntry,"New York, US",2025-10-02,90000000,"Series A (Lightspeed, Khosla)",financial-close-gl:wf_gl_core,https://www.dualentry.com/funding-announcement
financial-close-gl,Campfire,"San Francisco, US",2025-10-16,65000000,"Series B (Accel, Ribbit Capital)",financial-close-gl:wf_gl_core,https://fintech.global/2025/10/16/campfire-secures-65m-series-b-to-transform-finance-ai/
financial-close-gl,Numeric,"San Francisco, US",2025-11-19,51000000,Series B (IVP),financial-close-gl:wf_close_review_audit,https://www.numeric.io/blog/numeric-raises-51m-series-b
financial-close-gl,Concourse,"New York, US",2026-01-27,12000000,Series A (Standard Capital),financial-close-gl:wf_flux_reporting,https://pulse2.com/concourse-12-million-series-a/
financial-close-gl,Stacks,"Amsterdam, NL",2026-02-20,23000000,Series A (Lightspeed),financial-close-gl:wf_reconciliation,https://fintech.global/2026/02/20/stacks-raises-23m-series-a-to-scale-agentic-ai/
financial-close-gl,Basis,"New York, US",2026-02-24,100000000,"Series B at $1.15B valuation (Accel, GV)",financial-close-gl:wf_reconciliation,https://siliconangle.com/2026/02/24/ai-accounting-startup-basis-secures-100m-1-15b-valuation-firms-adopt-agent-based-workflows/
financial-close-gl,Rillet,"San Francisco, US",2026-08-19,100000000,Series C at $1B valuation (ICONIQ),financial-close-gl:wf_gl_core,https://techcrunch.com/2026/08/19/rillet-raises-100m-series-c-at-1b-valuation-2-years-after-emerging-from-stealth/
financial-close-gl,Integral,"Berlin, DE",2026-09-16,20600000,"Series A, EUR 18M (Mosaic Ventures, Reid Hoffman)",financial-close-gl:wf_journal_entries,https://pomegra.io/startups/integral-raises-18m-to-replace-accounting-firms-with-ai-2026-09-23
gov-benefits,Careforce (formerly Helpcare AI),"Oakland / San Francisco, CA, US",2024-Q4 (YC F24 batch),,"Pre-seed (Y Combinator, CRV; amount undisclosed)",gov-benefits:wf_renewals,https://www.ycombinator.com/companies/careforce
gov-benefits,Blooming Health,"New York, NY, US",2025-04-29,26000000,Series A (led by Insight Partners),gov-benefits:wf_contact_referral,https://www.finsmes.com/2025/04/blooming-health-raises-26m-series-a-funding.html
gov-benefits,Fortuna Health,"New York, NY, US",2025-07-22,18000000,Series A (led by a16z Bio + Health),gov-benefits:wf_renewals,https://pulse2.com/fortuna-health-18-million-raised-for-consumer-medicaid-navigation-platform/
gov-benefits,Turnout,"San Diego, CA, US",2025-09-17,21000000,Seed (co-led by Shine Capital and LGVP),gov-benefits:wf_intake,https://www.prnewswire.com/news-releases/turnout-secures-21m-in-seed-funding-to-fuel-mission-to-simplify-government-bureaucracy-302558564.html
gov-benefits,Turnout,"San Diego, CA, US",2026-06-11,35000000,"Series A (led by HighPost Capital, $400M valuation)",gov-benefits:wf_intake,https://www.prnewswire.com/news-releases/turnout-raises-35-million-series-a-to-put-an-ai-advocate-in-every-americans-corner-302797380.html
gov-benefits,Careforce (formerly Helpcare AI),"Oakland, CA, US",2026 (reported 2026-07-16),500000,Strategic investment (CHCF Innovation Fund),gov-benefits:wf_renewals,https://www.chcf.org/blog/2026/07/16/how-ai-powered-outreach-is-helping-californians-keep-their-medi-cal-coverage/
gov-licensing-permits,GovWell,"New York, NY, US",2026-05-14,25000000,Series A (led by Insight Partners),gov-licensing-permits:intake_completeness,https://www.prnewswire.com/news-releases/govwell-raises-25m-series-a-led-by-insight-partners-to-build-the-ai-operating-system-for-modern-government-302770627.html
gov-licensing-permits,PermitFlow,"New York, NY, US",2025-12-02,54000000,Series B (led by Accel),gov-licensing-permits:intake_completeness,https://www.constructiondive.com/news/construction-tech-funding-Q4-2025/808986/
gov-licensing-permits,Govstream.ai,"Seattle, WA, US",2025-12-04,3600000,Seed (led by 47th Street Partners),gov-licensing-permits:applicant_inquiries,https://www.prnewswire.com/news-releases/govstreamai-raises-3-6m-seed-round-to-help-cities-move-faster-on-housing-development-302633472.html
gov-licensing-permits,GreenLite,"New York, NY, US",2025-09-15,49500000,Series B (led by Insight Partners),gov-licensing-permits:plan_review,https://www.prnewswire.com/news-releases/greenlite-raises-49-5m-series-b-to-advance-the-privatization-of-construction-permitting-with-ai-powered-solutions-302555315.html
gov-licensing-permits,Symbium,"San Francisco, CA, US",2025-05-08,,Strategic investment from E8 Regenr8 fund (amount undisclosed),gov-licensing-permits:plan_review,https://symbium.medium.com/symbium-becomes-first-investment-of-e8s-new-regenr8-fund-d6d6570cf07d
gov-licensing-permits,CodeComply.Ai,"Miami, FL, US",2025-01-16,2000000,Seed (led by Govo Venture Partners),gov-licensing-permits:plan_review,https://refreshmiami.com/news/with-2m-in-tow-ai-startup-codecomply-ai-aims-to-accelerate-construction-approvals-and-reshape-compliance-checks/
gov-licensing-permits,Ichi,US (California),2025-01,,"Seed (led by Costanoa Ventures with Tapestry VC; amount undisclosed, date per PitchBook)",gov-licensing-permits:plan_review,https://www.costanoa.vc/portfolio/ichi ; https://pitchbook.com/profiles/company/862728-85
gov-licensing-permits,Permitify,"Salt Lake City, UT, US",2025-01,,Pre-seed (Y Combinator W2025),gov-licensing-permits:plan_review,https://www.ycombinator.com/companies/permitify
gov-licensing-permits,Verdant,"San Francisco, CA, US",2026-06,,Pre-seed (Y Combinator S2026),gov-licensing-permits:intake_completeness,https://www.ycombinator.com/companies/verdant
gov-tax,Quantexa (not AI-native by the atlas definition: founded 2016; listed as the largest in-category round for a firm with a tax-authority contract),"London, UK",2025-03-04,175000000,"Series F, led by Teachers' Venture Growth, $2.6B post-money (HMRC GBP 175M contract followed in May 2026)",gov-tax:audit-compliance-fraud,https://techcrunch.com/2025/03/04/quantexa-nabs-175m-at-a-2-6b-valuation-to-double-down-on-data-analytics-for-ai/
gov-tax,Deckard Technologies (Rentalscape; marked not AI-native in challengers.csv),"San Diego, US",2025-09-30,3900000,Growth credit facility (non-dilutive) from Mighty Partners,gov-tax:audit-compliance-fraud,https://fintech.global/2025/09/30/regtech-firm-deckard-technologies-secures-3-9m-facility/
insurance-claims,Agentech,"Tulsa, US",2024-10-22,3000000,Seed,insurance-claims:claim_file_documents,https://fintech.global/2024/10/22/agentech-raises-3m-to-revolutionise-insurance-claims-with-ai-driven-solutions/
insurance-claims,Assured (Assured Insurance Technologies),US,2025-03-04,23000000,"Series B (ICONIQ, Kleiner Perkins; about $1B valuation; founded 2019, so borderline on the AI-native test)",insurance-claims:fnol_intake,https://techcrunch.com/2026/01/12/at-least-36-new-tech-unicorns-were-minted-in-2025-so-far/
insurance-claims,Reserv,"New York, US",2025-06-09,25000000,Series B (led by Flourish Ventures),insurance-claims:coverage_investigation,https://www.claimsjournal.com/news/national/2025/06/09/331002.htm
insurance-claims,Elysian,"Nashville, US",2025-09-04,6000000,Seed (led by Portage),insurance-claims:coverage_investigation,https://elysian.is/media/all/elysian-raises-6m-seed-round-to-redefine-insurance-claims-services-with-ai-native-platform
insurance-claims,Reserv,"New York, US",2025-09-17,16000000,Series B extension (led by QBE Ventures; Series B total $41M),insurance-claims:coverage_investigation,https://www.finsmes.com/2025/09/reserv-raises-additional-16m-brings-total-series-b-to-41m.html
insurance-claims,Liberate,"San Francisco, US",2025-10-15,50000000,Series B (led by Battery Ventures; $300M post-money),insurance-claims:fnol_intake,https://techcrunch.com/2025/10/15/liberate-bags-50m-at-300m-valuation-to-bring-ai-deeper-into-insurance-back-offices/
insurance-claims,ClaimSorted,"London, UK",2025-10-21,13300000,Seed (led by Atomico; EUR 11.4M),insurance-claims:coverage_investigation,https://beinsure.com/news/claimsorted-raises-13-3m/
insurance-claims,Avallon,"New York, US",2025-11-06,4600000,Seed (led by Frontline Ventures),insurance-claims:fnol_intake,https://www.alleywatch.com/2025/11/avallon-insurance-claims-automation-ai-agents-tpa-cornelius-schramm/
insurance-claims,Pace,"New York, US",2026-01-27,10000000,Series A (led by Sequoia),insurance-claims:claim_file_documents,https://fortune.com/2026/01/27/exclusive-pace-raises-10-million-sequoia-enterprise-ai-collides-with-insurance
insurance-claims,Strala,"San Francisco, US",2026-04-09,51300000,Series B (Form D filed 26 Mar 2026; some trackers label it Series A),insurance-claims:coverage_investigation,https://www.trysignalbase.com/news/funding/strala-raises-513m-series-b-funding
insurance-claims,Reserv,"New York, US",2026-05-04,125000000,Series C (led by KKR),insurance-claims:coverage_investigation,https://beinsure.com/news/insurtech-reserv-raises-125mn/
insurance-claims,Pace,"New York, US",2026-05-27,46000000,Series B (co-led by Thrive Capital and Sequoia),insurance-claims:claim_file_documents,https://beinsure.com/news/pace-raises-46-mn-for-ai-insurance-operations/
insurance-claims,Curant.ai,"St. George, Utah, US",2026-07-28,3100000,Seed (led by Diagram),insurance-claims:claim_file_documents,https://fintech.global/2026/07/30/curant-ai-raises-3-1m-to-scale-claims-ai/
insurance-claims,Consint.AI,India,2026-08,2500000,"Series A (INR 22 crore; founded 2020, borderline on the AI-native test)",insurance-claims:fraud_recovery_litigation,https://www.thesaasnews.com/news/consint-ai-raises-22cr-series-a/
insurance-claims,Finch,"Nashville, US",2026-09-16,4500000,Seed / venture (led by Focal),insurance-claims:damage_appraisal_estimating,https://www.saasrise.com/deals/finch-raises-45m-from-focal-company-ventures-veridical-ventures-tiptop-vc-and-aglae-ventures-d145fc93-2ef3-4a17-9dff-a78071357b52
insurance-policy-admin,Federato,"Palo Alto, CA, US",2024-11-20,40000000,Series C (led by StepStone Group),insurance-policy-admin:wf-underwriting,https://www.federato.ai/articles/federato-raises-80-million-to-date-with-series-c-accelerating-ai-era-for-insurance
insurance-policy-admin,FurtherAI,"San Francisco, CA, US",2025-10-07,25000000,Series A (led by Andreessen Horowitz),insurance-policy-admin:wf-new-business,https://www.furtherai.com/blog/%20furtherai-announces-25m-series-a-from-andreessen-horowitz-to-transform-insurance-workflows-with-ai-automating-busywork
insurance-policy-admin,Liberate,"San Francisco, CA, US",2025-10-15,50000000,"Series B (led by Battery Ventures, $300M post-money)",insurance-policy-admin:wf-service-inquiries,https://techcrunch.com/2025/10/15/liberate-bags-50m-at-300m-valuation-to-bring-ai-deeper-into-insurance-back-offices/
insurance-policy-admin,Federato,"Palo Alto, CA, US",2025-11-18,100000000,Series D (led by Growth Equity at Goldman Sachs Alternatives),insurance-policy-admin:wf-underwriting,https://www.federato.ai/articles/goldman-sachs-100m-series-d
insurance-policy-admin,Strada,"San Francisco, CA, US",2025-12-16,,Seed (amount undisclosed; tracker data only),insurance-policy-admin:wf-service-inquiries,https://tracxn.com/d/companies/strada/__6zK3XJQxknVmxKCYISjXx0zcz2kaOkXU1ZSz24DPClE/funding-and-investors
insurance-policy-admin,Corgi,"San Francisco, CA, US",2026-01-13,108000000,"Seed and Series A combined (Y Combinator, Kindred Ventures, Contrary)",insurance-policy-admin:wf-new-business,https://www.reinsurancene.ws/corgi-secures-108m-to-expand-ai-native-insurance-platform-for-startups/
insurance-policy-admin,Pace,"New York, NY, US",2026-01-28,10000000,Series A (led by Sequoia Capital),insurance-policy-admin:wf-policy-servicing,https://fintech.global/2026/01/28/pace-raises-10m-to-automate-insurance-operations/
insurance-policy-admin,Sixfold,"New York, NY, US",2026-01-29,30000000,Series B (led by Brewer Lane; Guidewire strategic),insurance-policy-admin:wf-underwriting,https://www.sixfold.ai/content/post/series-b-ai-underwriter
insurance-policy-admin,mea Platform,"London, UK",2026-02-17,50000000,Minority growth equity (SEP; first external capital),insurance-policy-admin:wf-new-business,https://fintech.global/2026/02/17/ai-driven-insurtech-mea-lands-50m-minority-stake-from-sep/
insurance-policy-admin,Corgi,"San Francisco, CA, US",2026-05-06,160000000,"Series B (led by TCV, $1.3B valuation)",insurance-policy-admin:wf-new-business,https://siliconangle.com/2026/05/06/corgi-raises-160m-1-3b-valuation-expand-ai-native-insurance-platform/
insurance-policy-admin,Pace,"New York, NY, US",2026-06-01,46000000,Series B (co-led by Thrive Capital and Sequoia),insurance-policy-admin:wf-policy-servicing,https://fintech.global/2026/06/01/pace-lands-46m-funding-round-to-automate-insurance-workflows/
insurance-policy-admin,Qlo,"San Francisco, CA, US",2026 (YC Summer 2026 batch),,Y Combinator S26 (amount not disclosed),insurance-policy-admin:wf-underwriting,https://www.ycombinator.com/companies/qlo
lab-information,elea (Elea.ai GmbH),"Hamburg, Germany",2025-03-12,4300000,"Seed (EUR 4M; Fly Ventures, Giant Ventures)",lab-information:ap-case-reporting,https://techcrunch.com/2025/03/12/elea-ai-is-chasing-the-healthcare-productivity-opportunity-by-targeting-pathology-labs-legacy-systems/
lab-information,Arkstone Medical Solutions,"Boca Raton, FL, US",2025-07-30,,Private equity majority stake (ARCHIMED MED Rise fund; amount undisclosed),lab-information:result-verification-release,https://www.prnewswire.com/news-releases/archimed-acquires-a-majority-stake-in-arkstone-forging-a-powerful-partnership-to-accelerate-global-healthcare-innovation-and-dominate-the-emerging-ai-driven-clinical-decision-support-market-302517683.html
lab-information,Techcyte,"Orem, UT, US",2026-05-01,15000000,"Growth round, unlabelled (led by Van Tuyl Companies; Zoetis and Mayo Clinic participating)",lab-information:result-verification-release,https://www.finsmes.com/2026/05/techcyte-raises-15m-in-funding.html
lab-information,Voquill,"San Francisco, CA, US",2026 (Y Combinator Spring 2026 batch),500000,"Pre-seed (YC standard deal; amount assumed from standard terms, not disclosed by company)",lab-information:ap-case-reporting,https://www.ycombinator.com/companies/voquill
land-registry,Landeed,"Hyderabad, India",2025-01-27,5000000,"Series X ($5M, led by 10x Founders Fund)",land-registry:title-search-copies,https://fintech.global/2025/01/27/indian-proptech-startup-landeed-secures-5m-to-boost-ai-capabilities/
land-registry,Conveyd,United Kingdom,2025-12-16,3350000,"Seed (GBP 2.5M, led by Eka Ventures; USD converted at about 1.34)",land-registry:title-search-copies,https://propertyindustryeye.com/ai-conveyancing-platform-raises-2-5m-to-expand-its-home-buying-service/
land-registry,Titl,"Miami, FL, US",2026-01-14,2500000,Seed (led by Cofounders Capital and FIT Ventures),land-registry:title-search-copies,https://www.prnewswire.com/news-releases/titl-raises-2-5m-seed-round-to-bring-instant--automated-title-to-real-estate-302660632.html
land-registry,Orbital (formerly Orbital Witness),"London, UK",2026-01-26,60000000,Series B (led by Brighton Park Capital),land-registry:title-search-copies,https://tech.eu/2026/01/26/orbital-raises-60m-series-b-to-automate-real-estate-law-with-ai/
land-registry,Dono,"Tel Aviv, Israel (operations in Palm Beach, FL)",2026-02-10,6500000,Seed (led by Link Ventures),land-registry:title-search-copies,https://siliconangle.com/2026/02/10/dono-raises-6-5m-seed-round-modernize-property-records-ai/ ; https://www.calcalistech.com/ctechnews/article/rktf00duvzg
land-registry,The Land Bankers (NFNG Tech),"Odisha, India",2026-06-22,950000,"Seed (INR 8 crore, led by Rainmatter; USD approximate)",land-registry:title-search-copies,https://bharatfast.com/english/business/amarendra-sahu-land-bankers-seed-funding/33238/
loan-origination-servicing,Valon,"New York, NY, US",2024-10-24,100000000,"Series C (led by WestCap, with a16z; $1.1B valuation)",loan-origination-servicing:wf_payments_escrow,https://www.housingwire.com/articles/mortgage-servicing-startup-valon-100m-series-c-funding/
loan-origination-servicing,Zest AI,"Burbank, CA, US",2024-12-13,200000000,Growth (Insight Partners),loan-origination-servicing:wf_underwrite,https://www.zest.ai/company/announcements/zest-ai-announces-200-million-growth-investment-from-insight-partners/
loan-origination-servicing,Salient,"San Francisco, CA, US",2025-07-29,60000000,Series A (led by a16z),loan-origination-servicing:wf_collections,https://fintech.global/2025/07/29/ai-loan-servicing-platform-salient-secures-60m/
loan-origination-servicing,Casca (Cascading AI),"San Francisco, CA, US",2025-08-19,29000000,Series A (led by Canapi Ventures),loan-origination-servicing:wf_underwrite,https://www.prnewswire.com/news-releases/ai-native-loan-origination-platform-casca-raises-29-million-to-replace-legacy-lending-302533000.html
loan-origination-servicing,Uptiq,"McKinney, TX, US",2025-10-29,12000000,Venture (led by Silverton Partners),loan-origination-servicing:wf_underwrite,https://fintech.global/2025/10/29/uptiq-ai-raises-12m-to-power-ai-in-financial-services/
loan-origination-servicing,Kaaj,"San Francisco, CA, US",2025-11-19,3800000,Seed (led by Kindred Ventures),loan-origination-servicing:wf_underwrite,https://techcrunch.com/2025/11/19/credit-risk-automation-platform-kaaj-raises-3-8m-seed-from-kindred-ventures/
loan-origination-servicing,Tidalwave,"New York, NY, US",2025-11-21,22000000,Series A (led by Permanent Capital),loan-origination-servicing:wf_intake,https://www.housingwire.com/articles/tidalwave-ai-mortgage-funding/
loan-origination-servicing,Valon,"New York, NY, US",2026-02-02,,Strategic minority equity (Rithm Capital; terms undisclosed),loan-origination-servicing:wf_payments_escrow,https://www.newrez.com/press-news/ai-native-platform-to-advance-newrez-servicing-capabilities/
loan-origination-servicing,Uptiq,"McKinney, TX, US",2026-02-13,25000000,Series B (led by Curql),loan-origination-servicing:wf_underwrite,https://ffnews.com/news/uptiq-raises-25-million-series-b-to-scale-industry-ready-ai-solutions-and-launch-qore-for-builders
loan-origination-servicing,Fuse,"New York, NY, US",2026-03-16,25000000,Series A (led by Footwork),loan-origination-servicing:wf_close_board,https://techcrunch.com/2026/03/16/fuse-raises-25m-to-disrupt-aging-loan-origination-systems-used-by-u-s-credit-unions/
loan-origination-servicing,Balerion AI,"San Francisco, CA, US",2026-04-17,6000000,Seed (led by Kleiner Perkins),loan-origination-servicing:wf_underwrite,https://pulse2.com/balerion-ai-6-million-seed-raised-to-transform-mortgage-origination-with-agentic-ai/
loan-origination-servicing,Copperlane,"San Francisco, CA, US",2026-06-12,4100000,Seed (led by TQ Ventures),loan-origination-servicing:wf_underwrite,https://www.housingwire.com/articles/copperlane-ai-mortgage-seed/
loan-origination-servicing,Ralo,"New York, NY, US",2026-06-18,2900000,"Seed (Y Combinator, Manresa Ventures, Pack Ventures)",loan-origination-servicing:wf_intake,https://www.housingwire.com/articles/ralo-ai-mortgage-broker-seed/
loan-origination-servicing,Lama AI,"New York, NY, US",2026-06-23,10000000,Series A (led by EJF Ventures),loan-origination-servicing:wf_close_board,https://siliconangle.com/2026/06/23/lama-ai-raises-10m-accelerate-automated-loan-originations/
loan-origination-servicing,Kastle,"San Francisco, CA, US",2026-09-17,24000000,Series A (led by Insight Partners),loan-origination-servicing:wf_customer_service,https://americanbazaaronline.com/2026/09/17/kastle-24-million-series-a-ai-banking-workforce-488358/
loan-origination-servicing,Sela,"San Francisco, CA, US",2026-09-22,21000000,Seed + Series A combined (led by Costanoa Ventures),loan-origination-servicing:wf_intake,https://finance.yahoo.com/technology/ai/articles/sela-raises-21m-voice-ai-121150993.html
loan-origination-servicing,Elio Mortgage,"New York, NY, US",2026-09-30,5100000,Pre-seed (led by Motive Partners and Social Leverage),loan-origination-servicing:wf_intake,https://fintech.global/2026/09/30/elio-mortgage-raises-5-1m-to-rebuild-lending-with-ai/
mainframe-cobol-general,Zengines,"Boston, MA, US",2024-11-07,9000000,"Seed (Series Seed Preferred), led by Hyde Park Venture Partners",mainframe-cobol-general:modernization-migration,https://www.zengines.ai/resource-collection/zengines-announces-major-new-software-release-after-closing-9m-round-of-financing
mainframe-cobol-general,Kodesage,"Budapest, Hungary (also London, UK)",2025-01-30,2400000,"Pre-seed (EUR 2.3M), led by PortfoLion Capital Partners (OTP Group)",mainframe-cobol-general:cobol-maintenance,https://tech.eu/2025/01/30/kodesage-raises-eur23m-pre-seed-for-ai-powered-legacy-software-modernisation/
mainframe-cobol-general,Kodesage,"Budapest, Hungary (also London, UK)",2026-06-04,6600000,"Seed, led by VentureFriends",mainframe-cobol-general:cobol-maintenance,https://tech.eu/2026/06/04/kodesage-raises-66m-for-ai-powered-legacy-software-modernisation/
mainframe-cobol-general,Hypercubic,"San Francisco, CA, US",2026-08-18,5300000,"Seed, led by CIV with Y Combinator, Afore, Pioneer Fund, Multimodal",mainframe-cobol-general:cobol-maintenance,https://siliconangle.com/2026/08/18/hypercubic-raises-5-3m-map-rewrite-legacy-cobol-apps-ai-agents/
medical-billing-rcm,Nym Health,"New York, NY, US",2024-10-01,47000000,Growth (PSG lead),medical-billing-rcm:rcm-coding,https://nym.health/press-release/autonomous-medical-coding-engine-nym-announces-47-million-growth-investment-led-by-psg/
medical-billing-rcm,Cofactor AI,"Chicago, IL, US",2024-11,4000000,Seed (Drive Capital lead),medical-billing-rcm:rcm-denials-ar,https://hitconsultant.net/2024/11/25/cofactor-ai-launches-platform-to-help-hospitals-fight-tidal-wave-of-claims-denials-and-announces-4-million-seed-round/
medical-billing-rcm,Charta Health,"San Francisco, CA, US",2025-02,8100000,Seed (Bain Capital Ventures lead),medical-billing-rcm:rcm-coding,https://www.finsmes.com/2025/02/charta-health-raises-8-1m-in-seed-funding.html
medical-billing-rcm,Silna Health,"New York, NY, US",2025-03-25,22000000,Series A (Accel and Bain Capital Ventures co-lead),medical-billing-rcm:rcm-patient-access,https://www.businesswire.com/news/home/20250325542615/en/Silna-Health-Announces-$27-Million-in-Funding-to-Tackle-Americas-Prior-Authorization-Crisis
medical-billing-rcm,RapidClaims,"New York, NY, US (founders and team in Bengaluru, IN)",2025-04,8000000,"Series A (Accel lead; announced with an earlier undisclosed $3M seed, $11M total)",medical-billing-rcm:rcm-coding,https://www.finsmes.com/2025/04/rapidclaims-raises-11m-in-funding.html
medical-billing-rcm,Amperos Health,"New York, NY, US",2025-06,4200000,Seed (Uncork Capital),medical-billing-rcm:rcm-denials-ar,https://www.amperos.com/blog/series-a-announcement
medical-billing-rcm,SuperDial,"San Francisco, CA, US",2025-06-24,15000000,"Series A, debt and equity (SignalFire lead)",medical-billing-rcm:rcm-denials-ar,https://hitconsultant.net/2025/06/24/superdial-raises-15m-to-automate-healthcares-endless-admin-phone-calls-with-ai/
medical-billing-rcm,Charta Health,"San Francisco, CA, US",2025-07-22,22000000,Series A (Bain Capital Ventures lead),medical-billing-rcm:rcm-coding,https://www.builtinsf.com/articles/charta-health-raises-22m-series-a-20250723
medical-billing-rcm,Ambience Healthcare,"San Francisco, CA, US",2025-07-29,243000000,Series C (Andreessen Horowitz and Oak HC/FT lead),medical-billing-rcm:rcm-coding,https://hitconsultant.net/2025/07/29/ambience-healthcare-raises-243m-to-expand-clinical-ambient-ai-platform/
medical-billing-rcm,Arintra,"Austin, TX, US",2025-08-14,21000000,Series A (Peak XV Partners lead),medical-billing-rcm:rcm-coding,https://www.arintra.com/resources/press-release/arintra-raises-21m-series-a-to-expand-beyond-autonomous-medical-coding-and-build-the-future-of-healthcare-revenue-assurance
medical-billing-rcm,Wisdom,"San Francisco, CA, US",2025-08-19,21000000,Series A (Permanent Capital Ventures lead),medical-billing-rcm:rcm-charge-claims,https://www.withwisdom.com/resources/wisdom-raises-28m-to-accelerate-product-innovation-capitalize-on-rapid-growth
medical-billing-rcm,Develop Health,"San Francisco, CA, US",2025-08-20,14300000,Series A (Wing Venture Capital lead),medical-billing-rcm:rcm-patient-access,https://medcitynews.com/2025/08/develop-health-prior-authorization-funding/
medical-billing-rcm,Procode AI,"Los Angeles, CA, US",2026-03-02,4000000,"Seed (Story Ventures lead), with acquisition of The Auctus Group",medical-billing-rcm:rcm-charge-claims,https://www.prnewswire.com/news-releases/procode-ai-launches-from-stealth-with-4m-and-the-acquisition-of-the-auctus-group-to-bring-ai-powered-rcm-to-private-practice-surgeons-302700050.html
medical-billing-rcm,Adonis,"New York, NY, US",2026-03,40000000,Series C (Quadrille Capital lead),medical-billing-rcm:rcm-denials-ar,https://www.techtarget.com/revcyclemanagement/news/366640740/Adonis-raises-40M-to-accelerate-AI-in-revenue-cycle
medical-billing-rcm,Amperos Health,"New York, NY, US",2026-04-22,16000000,Series A (Bessemer Venture Partners lead),medical-billing-rcm:rcm-denials-ar,https://www.amperos.com/blog/series-a-announcement
medical-billing-rcm,Procode AI,"Los Angeles, CA, US",2026-07-28,10000000,Series A (Health Velocity Capital lead),medical-billing-rcm:rcm-charge-claims,https://hitconsultant.net/2026/07/28/procode-raises-10m-series-a-ai-surgical-rcm-billing/
medical-billing-rcm,Arintra,"Austin, TX, US",2026-08-26,25000000,Series B (Define Ventures lead),medical-billing-rcm:rcm-coding,https://www.finsmes.com/2026/08/arintra-raises-25m-in-series-b-funding.html
medical-billing-rcm,GenHealth.ai,US (HQ not stated in source; spun out of 1upHealth),2026-09-11,16500000,Series A (Flare Capital Partners lead),medical-billing-rcm:rcm-patient-access,https://medcitynews.com/2026/09/genhealth-ai-raises-16-5m-to-automate-healthcare-administrative-tasks/
medical-billing-rcm,Penelope Health,"New York, NY, US",2026-09-18,100000000,"Strategic growth (Thoreau lead, with Bertelsmann Healthcare Investments, Twine Ventures, Seedcamp)",medical-billing-rcm:rcm-patient-access,https://finance.yahoo.com/healthcare/articles/penelope-health-announces-partnership-thoreau-120000281.html
mortgage-servicing,Valon Technologies (ValonOS),"New York, US",2024-10-24,100000000,"Series C (WestCap, a16z; $1.1B valuation)",mortgage-servicing:ms-cashiering-escrow,https://www.housingwire.com/articles/mortgage-servicing-startup-valon-100m-series-c-funding/
mortgage-servicing,Kastle,"San Francisco, US",2025-03,,"Seed (Commerce Ventures, Y Combinator); about $2.3M reported in search snippets, not confirmed on a page opened",mortgage-servicing:ms-borrower-service,https://tracxn.com/d/companies/kastle/__VyPXv-K5qnkBwLdfybhkhtYqlO8BnaHx1WaDaPC9bgE/funding-and-investors
mortgage-servicing,Valon Technologies (ValonOS),"New York, US",2026-02-02,,"Strategic minority equity stake by Rithm Capital (terms undisclosed), with a Newrez platform commitment",mortgage-servicing:ms-cashiering-escrow,https://www.housingwire.com/articles/rithm-valon-mortgage-servicing/
mortgage-servicing,Celligence (AngelAi),"Bayamon, Puerto Rico, US",2026-09-09,100000000,Strategic investment from Mortgage Treasury (up to $100M; structure not specified),mortgage-servicing:ms-borrower-service,https://www.globenewswire.com/news-release/2026/09/09/3358730/0/en/celligence-and-angelai-secure-100-million-investment-from-mortgage-treasury-to-expand-access-to-homeownership-and-financial-services.html
mortgage-servicing,Kastle,"San Francisco, US",2026-09-17,24000000,"Series A (Insight Partners lead; YC, Commerce Ventures, Fifth Wall)",mortgage-servicing:ms-collections-lossmit,https://pulse2.com/kastle-raises-24-million-series-a-to-build-ai-workforce-for-consumer-lending/
payroll-hr,Warp,"New York, US",2025-06-18,18000000,Series A (led by Sound Ventures),payroll-hr:payroll-tax-compliance,https://www.dhrmap.com/news/new-york-based-warp-raises-18m-series-a-to-build-ai-driven-payroll-and-compliance-platform-for-startups
payroll-hr,Warp,"New York, US",2026-06-26,60000000,Series B (led by Battery Ventures),payroll-hr:payroll-tax-compliance,https://fintech.global/2026/06/26/warp-raises-60m-series-b-to-rebuild-hr-software-with-ai/
payroll-hr,Niural,"New York, US",2025-06-26,31000000,Series A (led by Marathon Management Partners),payroll-hr:payroll-run,https://www.prnewswire.com/news-releases/niural-raises-31m-to-transform-global-cfo-and-people-operations-302492603.html
payroll-hr,Niural,"New York, US",2026-06-23,21000000,"Series A extension (FOG Ventures, NewView Capital; Series A total $52M)",payroll-hr:payroll-run,https://www.thesaasnews.com/news/niural-raises-52m-series-a
payroll-hr,Wisq,"Redwood City, CA, US",2025-07-01,15000000,"Venture round (Norwest, Shasta, True Ventures)",payroll-hr:employee-inquiries,https://www.prnewswire.com/news-releases/wisq-raises-15m-launches-hrlm-to-define-hrs-agentic-era-302495092.html
payroll-hr,"Central (acquired by Mercury, Apr 2026)",US,2025-08-28,8600000,Seed (led by First Round Capital),payroll-hr:payroll-run,https://fintech.global/2025/08/28/central-bags-8-6m-to-transform-startup-hr-and-payroll-with-ai/
payroll-hr,Sira,"San Francisco, US",2025-09-01,500000,"Seed (YC S25, Keshif Ventures, S28 Capital)",payroll-hr:payroll-run,https://startupintros.com/orgs/sira
payroll-hr,MyGig,Australia,2025-11-12,650000,"Pre-seed, A$1M (led by Artesian via Hostplus)",payroll-hr:payroll-run,https://www.smartcompany.com.au/exclusive/mygig-raises-1-million-ai-payroll-compliance-casual-workers/
payroll-hr,Ahron,"Munich, Germany",2026-09,2500000,"Seed, EUR 2.2M (led by Cusp Capital)",payroll-hr:employee-records,https://www.thesaasnews.com/news/ahron-raises-2-2m-other/
pension-provident-fund-admin,Stax.ai,"Scottsdale, AZ, US",2024-11-22,7000000,Series A (led by Neotribe Ventures; $11.65m total),pension-provident-fund-admin:contribution-intake-reconciliation,https://www.finsmes.com/2024/11/stax-ai-raises-7m-in-funding.html
pension-provident-fund-admin,Warren,"Ghent, Belgium",2025-03-20,3250000,"Pre-seed, EUR 3m (led by Motive Ventures)",pension-provident-fund-admin:member-service-contact,https://tech.eu/2025/03/20/belgian-wealthtech-warren-raises-eur3m-to-boost-workplace-financial-wellness/
pension-provident-fund-admin,Aboon,"New York, NY, US",2025-10-16,17500000,"Seed (led by Bain Capital Ventures, with Edward Jones Ventures)",pension-provident-fund-admin:member-employer-data-maintenance,https://www.finsmes.com/2025/10/aboon-raises-17-5m-in-seed-funding.html
pension-provident-fund-admin,InvestStream,"Sydney, Australia",2026-02-18,,"Seed (oversubscribed; amount undisclosed, US$22m post-money)",pension-provident-fund-admin:member-service-contact,https://australianfintech.com.au/investstream-secures-oversubscribed-seed-round-at-us22-million-post-money-valuation/
pension-provident-fund-admin,Warren,"Ghent, Belgium",2026-06-18,11600000,"Seed, EUR 10m (led by Motive Ventures)",pension-provident-fund-admin:member-service-contact,https://www.startup.eu/investments/warren-10-m-seed-06-2026
port-terminal-operating-system,FERNRIDE,"Munich, Germany",2025-09-04,21000000,"Series A extension (EUR 18M, bringing the Series A to EUR 75M; led by Helantic and dual-use investors)",port-terminal-operating-system:equipment_dispatch_execution,https://tech.eu/2025/09/04/fernride-bags-eur18m-series-a-extension-as-it-expands-into-defence/ (USD figure converted from EUR 18M. Customers include HHLA terminals; driverless terminal tractor operations at HHLA TK Estonia from Jul 2025.)
procurement-ap,Hyperbots,"Dover, Delaware, US (India-founded)",2025-05-13,6500000,"Series A (Arkam Ventures, Athera Venture Partners)",procurement-ap:invoice-capture-match,https://www.prnewswire.com/news-releases/agentic-ai-platform-for-finance--accounting-hyperbots-raises-6-5m-series-a-co-led-by-arkam-and-athera-ventures-302453199.html
procurement-ap,Arkestro,"San Francisco, US",2025-05-14,36000000,"Series A (Altira Group, Aramco Ventures)",procurement-ap:sourcing-negotiation,https://www.finsmes.com/2025/05/arkestro-raises-36m-in-funding.html
procurement-ap,Pactum,"California, US (Estonian-founded)",2025-06-09,54000000,Series C (Insight Partners),procurement-ap:sourcing-negotiation,https://pactum.com/blog/news-pactum-secures-54-million-in-series-c-funding-to-scale-agentic-ai-in-procurement
procurement-ap,Mercanis,"Berlin, Germany",2025-06,20000000,"Series A (Partech, AVP)",procurement-ap:sourcing-negotiation,https://www.thesaasnews.com/news/mercanis-secures-20m-in-series-a
procurement-ap,Levelpath,US,2025-06-30,55000000,Series B (Battery Ventures),procurement-ap:sourcing-negotiation,https://www.levelpath.com/blog/levelpath-raises-additional-55m-to-bring-ai-native-procurement-to-the-enterprise
procurement-ap,Xelix,"London, UK",2025-07-21,160000000,Series B (Insight Partners),procurement-ap:vendor-inquiry-statement-recon,https://xelix.com/resources/company-news/xelix-raises-series-b-to-grow-agenticai-in-ap
procurement-ap,Coverbase,"San Francisco, US",2025-11-20,16000000,Series A (Canapi Ventures),procurement-ap:vendor-master-payment-runs,https://news.crunchbase.com/venture/coverbase-raise-ai-powered-procurement/
procurement-ap,Procure AI,"London, UK",2025-11-26,13000000,Seed (Headline),procurement-ap:sourcing-negotiation,https://tech.eu/2025/11/26/procure-ai-nets-13m-to-scale-autonomous-ai-for-procurement/
procurement-ap,Didero,"New York, US",2026-02-12,30000000,"Series A (Chemistry, Headline)",procurement-ap:requisition-to-po,https://www.didero.ai/blog/series-a-announcement
procurement-ap,Eezee,Singapore,2026-02-24,5000000,Pre-Series B (Korea Investment Partners SEA),procurement-ap:requisition-to-po,https://asiatechdaily.com/eezee-raises-us5m-to-scale-ai-procurement-across-southeast-asia-can-tail-end-spend-be-the-next-saas-frontier/
procurement-ap,Lio (formerly askLio),"Munich, Germany",2026-03-05,30000000,Series A (Andreessen Horowitz),procurement-ap:requisition-to-po,https://techcrunch.com/2026/03/05/lio-ai-series-a-a16z-30m-raise-automate-enterprise-procurement/
procurement-ap,Aerchain,"Bengaluru, India",2026-03-18,13000000,"Series A (Pavestone, IndiaMART)",procurement-ap:sourcing-negotiation,https://inc42.com/buzz/aerchain-bags-13-mn-to-scale-agentic-ai-platform-for-enterprise-procurement/
retail-pos-merch,Lumi AI,"Toronto, Canada",2025-03-25,3700000,Seed (led by AgFunder),retail-pos-merch:merch-planning-pricing,https://www.finsmes.com/2025/03/lumi-ai-raises-3-7m-in-seed-funding.html
retail-pos-merch,Tote AI (Tote.ai),"Redwood City, US",2025-08-18,22600000,Series A (led by Cota Capital),retail-pos-merch:checkout-returns,https://finance.yahoo.com/news/tote-ai-raises-22-6-130000080.html
retail-pos-merch,Zenline AI,Switzerland,2025-08-26,1600000,Pre-seed (led by Seedcamp),retail-pos-merch:merch-planning-pricing,https://tech.eu/2025/08/26/zenline-ai-raises-16m-pre-seed-to-help-european-retailers-compete-with-platforms-like-amazon-and-temu/
retail-pos-merch,Metreecs,"Paris, France",2025-10-08,2700000,"Seed (Y Combinator, Founders Future, Kima Ventures, Bpifrance)",retail-pos-merch:merch-planning-pricing,https://montecarlocap.com/new-fund-investment-metreecs/
retail-pos-merch,Profitmind,"Pittsburgh, US",2026-02-25,9000000,Series A (led by Accenture Ventures),retail-pos-merch:merch-planning-pricing,https://www.profitmind.com/resources/profitmind-announces-series-a-round
retail-pos-merch,Vori,"San Francisco, US",2026-05-06,22000000,Series B (led by Cherryrock Capital),retail-pos-merch:item-vendor-buying,https://www.prnewswire.com/news-releases/vori-raises-22m-to-build-the-operating-system-for-the-worlds-grocery-stores-302763778.html
retail-pos-merch,Freshflow,"Berlin, Germany",2026-06-03,10000000,Series A (led by Reimann Investors),retail-pos-merch:store-replenishment-shelf,https://freshflow.ai/blog/series-a/
retail-pos-merch,Scotch,"Denver, US",2026-06-04,20000000,Series A (led by VMG Partners),retail-pos-merch:checkout-returns,https://news.crunchbase.com/venture/scotch-raises-ai-funding-liquor-retail-tech/
student-information,Scout,"New York, NY, US",2025-01,500000,YC W25 seed (standard YC deal; amount not stated on the opened page),student-information:compliance-reporting,https://ycombinator.com/companies/scout-4
student-information,Risely AI,"San Francisco, CA, US",2025-06,500000,YC S25 seed/pre-seed (about $500K third-party reported; later amounts undisclosed),student-information:advising-degree-audit,https://www.ycombinator.com/companies/risely-ai
telecom-bss,Sierra,"San Francisco, CA, USA",2025-09-03,350000000,Growth round led by Greenoaks Capital at $10B valuation (horizontal care-agent platform; telecom is one vertical),telecom-bss:wf_care,https://siliconangle.com/2025/09/03/ai-agent-startup-sierra-raises-350m-funding-10b-valuation/
telecom-bss,Sierra,"San Francisco, CA, USA",2026-05-04,950000000,Growth round led by Tiger Global and GV at $15B+ valuation (Liberty Global and VMO2 are telecom deployments),telecom-bss:wf_care,https://techcrunch.com/2026/05/04/sierra-raises-950m-as-the-race-to-own-enterprise-ai-gets-serious/
telecom-bss,Wonderful,"Tel Aviv, Israel",2025-07,34000000,Seed,telecom-bss:wf_care,https://techcrunch.com/2025/11/11/wonderful-raised-100m-series-a-to-put-ai-agents-on-the-front-lines-of-customer-service/
telecom-bss,Wonderful,"Tel Aviv, Israel",2025-11-11,100000000,Series A led by Index Ventures,telecom-bss:wf_care,https://techcrunch.com/2025/11/11/wonderful-raised-100m-series-a-to-put-ai-agents-on-the-front-lines-of-customer-service/
telecom-bss,Wonderful,"Tel Aviv, Israel",2026-03-12,150000000,Series B led by Insight Partners at $2B valuation,telecom-bss:wf_care,https://www.calcalistech.com/ctechnews/article/mzl1gy8tx
telecom-bss,gaiia,"Montreal, Quebec, Canada",2026-05-12,40000000,"Series B led by JMI Equity (describes itself as the AI-native operating system for CSPs, replacing legacy ISP OSS/BSS)",telecom-bss:wf_billrun_catalog,https://www.jmi.com/gaiia-raises-40-million-series-b-led-by-jmi-equity-to-modernize-the-operating-system-for-communications-service-providers/
trade-finance,Secro,"Charleston, South Carolina, US",2025-05,10000000,"Series A (Assembly Ventures and Sway Ventures; Wilhelmsen, Signal Group and others)",trade-finance:tf-lc-issuance,https://www.thesaasnews.com/news/secro-raises-10-million-in-series-a
trade-finance,TradeDoc.AI,Singapore,2026-02-11,,"Pre-seed (GTR Ventures), amount undisclosed",trade-finance:tf-doc-exam,https://www.gtreview.com/news/contributed-content/tradedoc-ai-secures-pre-seed-investment-from-gtr-ventures/
utility-billing-cis,POWERCONNECT.AI,"Tampa Bay, Florida, US",2025-02-18,,Majority stake acquired by BHC Global (terms undisclosed),utility-billing-cis:wf-customer-contact,https://bhcglobal.com/blog/bhc-global-acquires-powerconnectai
utility-billing-cis,Exnaton,"Zurich, Switzerland",2025-10-23,,Series A (undisclosed; co-led by 4impact Capital and Elevator Ventures). Note: founded before the LLM era and markets itself as AI-driven billing automation.,utility-billing-cis:wf-meter-to-bill,https://tech.eu/2025/10/23/exnaton-raises-series-a-to-power-europes-digital-energy-transition/
utility-billing-cis,"tem (Rosso transaction engine, RED supplier)","London, UK",2026-02-10,75000000,Series B led by Lightspeed Venture Partners,utility-billing-cis:wf-meter-to-bill,https://pulse2.com/tem-75-million-series-b-raised-to-scale-ai-native-energy-transaction-infrastructure/
utility-billing-cis,os.energy (Osmund),"Copenhagen, Denmark",2026-08-26,1100000,"Pre-seed (EUR 1M, PSV Tech)",utility-billing-cis:wf-meter-to-bill,https://dealroom.co/news/147002-danish-energy-startup-os-energy-exits-stealth-with-1m-pre-seed/
warehouse-management,BackOps,"San Francisco, CA, US",2024-10-16,2000000,"Pre-seed (Gradient, 10VC)",warehouse-management:wf_exceptions,https://www.finsmes.com/2024/10/backops-ai-raises-2m-in-pre-seed-funding.html
warehouse-management,Doss,"San Francisco, CA, US",2025-04-15,18000000,Series A (Theory Ventures),warehouse-management:wf_inventory_control,https://www.doss.com/news/announcing-our-18m-series-a
warehouse-management,Tutor Intelligence,"Watertown, MA, US",2025-12-01,34000000,Series A (Union Square Ventures),warehouse-management:wf_pick_pack_ship,https://www.roboticstomorrow.com/news/2025/12/01/tutor-intelligence-raises-34-million-series-a-to-scale-its-ai-powered-fleet-of-warehouse-robot-workers/25849/
warehouse-management,Kargo,"San Francisco, CA, US",2025-12-23,42000000,Series B (Avenir Growth),warehouse-management:wf_receive_putaway,https://www.finsmes.com/2025/12/kargo-raises-42m-in-series-b-funding.html
warehouse-management,Unbox Robotics,"Pune, India",2026-01-20,28000000,"Series B (ICICI Venture, Info Edge Redstart Labs)",warehouse-management:wf_pick_pack_ship,https://inc42.com/buzz/automation-startup-unbox-robotics-raises-28-mn-to-expand-global-presence/
warehouse-management,BackOps,"San Francisco, CA, US",2026-03-12,26000000,Series A (Theory Ventures),warehouse-management:wf_exceptions,https://retailtechinnovationhub.com/home/2026/3/12/backops-bags-26-million-series-a-to-build-ai-powered-operating-system-for-supply-chains
warehouse-management,Doss,"San Francisco, CA, US",2026-03-24,55000000,"Series B (Madrona, Premji Invest)",warehouse-management:wf_inventory_control,https://techcrunch.com/2026/03/24/doss-raises-55m-for-ai-inventory-management-that-plugs-into-erp/
warehouse-management,Conduit,"San Francisco, CA, US",2026-03-24,6000000,"Seed (Innovation Endeavors, Y Combinator)",warehouse-management:wf_dock_yard,https://www.prnewswire.com/news-releases/conduit-raises-6m-to-build-the-ai-operating-system-for-dock-and-yard-operations-302723320.html
warehouse-management,BackOps,"San Francisco, CA, US",2026-09-16,42000000,Series B (Insight Partners),warehouse-management:wf_exceptions,https://www.finsmes.com/2026/09/backops-raises-42m-in-series-b-funding.html
warehouse-management,Destro AI,"Brooklyn, NY, US",2026-09-30,8000000,"Seed (Base10 Partners, Bonfire Ventures)",warehouse-management:wf_wave_labor,https://siliconangle.com/2026/09/30/destro-ai-raises-8m-to-coordinate-mixed-robot-fleets-in-enterprise-warehouses/
wealth-portfolio-accounting,Jump,"Salt Lake City, US",2025-02,20000000,Series A (led by Battery Ventures),wealth-portfolio-accounting:wpa_advisor_review,https://www.wealthmanagement.com/artificial-intelligence/jump_secures_series_b
wealth-portfolio-accounting,Zocks,"San Francisco, US",2025-03,13800000,Series A,wealth-portfolio-accounting:wpa_advisor_review,https://beinsure.com/news/zocks-raises-45mn-series-b/
wealth-portfolio-accounting,Savvy Wealth,"New York, US",2025-07-02,72000000,Series B (led by Industry Ventures),wealth-portfolio-accounting:wpa_advisor_review,https://fintech.global/2025/07/02/wealthtech-savvy-wealth-bags-72m-series-b-funding/
wealth-portfolio-accounting,Saturn,"London, UK",2025-10-22,15000000,Series A (led by Singular),wealth-portfolio-accounting:wpa_advisor_review,https://tech.eu/2025/10/22/y-combinator-backed-saturn-raises-15m-to-make-financial-advice-affordable-for-all/
wealth-portfolio-accounting,Asseta AI,"New York, US",2025-11-19,4200000,Seed (co-led by Nyca Partners and Motive Partners),wealth-portfolio-accounting:wpa_recon,https://pulse2.com/asseta-ai-4-2-million-seed-funding/
wealth-portfolio-accounting,Range,US (city not stated in cited source),2025-11,60000000,Series C (led by Scale Venture Partners),wealth-portfolio-accounting:wpa_advisor_review,https://pulse2.com/range-60-million-series-c-funding/
wealth-portfolio-accounting,Nevis,"New York, US",2025-12-01,35000000,"Series A (Sequoia, ICONIQ, Ribbit) at $200M valuation",wealth-portfolio-accounting:wpa_advisor_review,https://www.finsmes.com/2025/12/nevis-raises-35m-in-series-a-funding.html
wealth-portfolio-accounting,Zocks,"San Francisco, US",2026-01-27,45000000,Series B (co-led by Lightspeed and QED),wealth-portfolio-accounting:wpa_advisor_review,https://beinsure.com/news/zocks-raises-45mn-series-b/
wealth-portfolio-accounting,Jump,"Salt Lake City, US",2026-02-19,80000000,Series B (led by Insight Partners),wealth-portfolio-accounting:wpa_advisor_review,https://www.wealthmanagement.com/artificial-intelligence/jump_secures_series_b
wealth-portfolio-accounting,Arca,"New York, US",2026-06-24,15500000,"Seed (led by Venrock; disclosed with the Series A, close date not given)",wealth-portfolio-accounting:wpa_onboarding_billing,https://www.thesaasnews.com/news/arca-raises-64m-seed-series-a/
wealth-portfolio-accounting,Arca,"New York, US",2026-06-24,48500000,Series A (led by General Catalyst),wealth-portfolio-accounting:wpa_onboarding_billing,https://www.wealthmanagement.com/ria-news/ai-native-wealth-manager-arca-raises-64m
wealth-portfolio-accounting,Feathery,US (city not stated in cited source),2026-07-14,,"Series A (Portage, Bain Capital, Index); article gives $30M as total raised, round size not split out",wealth-portfolio-accounting:wpa_onboarding_billing,https://www.investmentnews.com/fintech/feathery-raises-30-million-to-power-ai-driven-ria-operations/267406
wealth-portfolio-accounting,Savvy Wealth,"New York, US",2026-09-09,100000000,Series C (led by Halo Fund) at $600M valuation,wealth-portfolio-accounting:wpa_advisor_review,https://www.advisorhub.com/ria-savvy-wealth-raises-100m-at-600m-valuation/
