category,region,term
agriculture-commodity,US,Agvance
agriculture-commodity,US,AgTrax
agriculture-commodity,US,Greenstone AGRIS
agriculture-commodity,US,Merchant Ag
agriculture-commodity,US,Openlink Endur
agriculture-commodity,US,Triple Point Technology
agriculture-commodity,US,TriplePoint CTRM
agriculture-commodity,US,ION Allegro
agriculture-commodity,US,SAP Commodity Management
agriculture-commodity,US,iRely i21
agriculture-commodity,US,Covantis
agriculture-commodity,US,AgriDigital
agriculture-commodity,US,Bushel grain
agriculture-commodity,US,Quoreka
agriculture-commodity,US,Eka CTRM
airline-pss,US,z/TPF
airline-pss,US,Transaction Processing Facility
airline-pss,US,Airlines Control Program
airline-pss,US,IPARS
airline-pss,US,Amadeus Altea
airline-pss,US,SabreSonic
airline-pss,US,Sabre Scribe
airline-pss,US,Navitaire
airline-pss,US,Videcom
airline-pss,US,Radixx
airline-pss,US,Hitit Crane
airline-pss,US,Deltamatic
airline-pss,US,Worldspan
airline-pss,US,passenger service system
airline-pss,US,Travelport Galileo
capital-markets-trading-clearing,US,Broadridge
capital-markets-trading-clearing,US,Fidessa
capital-markets-trading-clearing,US,ASX CHESS
capital-markets-trading-clearing,US,CHESS replacement
capital-markets-trading-clearing,US,DTCC
capital-markets-trading-clearing,US,NSCC
capital-markets-trading-clearing,US,Apex Clearing
capital-markets-trading-clearing,US,DriveWealth
capital-markets-trading-clearing,US,Clear Street
capital-markets-trading-clearing,US,Alpaca Markets
capital-markets-trading-clearing,US,63 moons
capital-markets-trading-clearing,US,ODIN trading terminal
capital-markets-trading-clearing,US,TCS BaNCS
capital-markets-trading-clearing,US,Murex
capital-markets-trading-clearing,US,Pershing clearing
card-payments-processing,US,VisionPLUS
card-payments-processing,US,TSYS TS2
card-payments-processing,US,Total System Services
card-payments-processing,US,BASE24
card-payments-processing,US,BASE24-eps
card-payments-processing,US,Fiserv Optis
card-payments-processing,US,FirstVision
card-payments-processing,US,First Data VisionPLUS
card-payments-processing,US,OpenWay Way4
card-payments-processing,US,HPS PowerCARD
card-payments-processing,US,ISO 8583
card-payments-processing,US,FIS BASE2000
card-payments-processing,US,Marqeta
card-payments-processing,US,Thredd
card-payments-processing,US,Euronet Cadencie
construction-project-accounting,US,Sage 300 CRE
construction-project-accounting,US,Timberline Office
construction-project-accounting,US,Timberline Software
construction-project-accounting,US,Viewpoint Vista
construction-project-accounting,US,Trimble Viewpoint
construction-project-accounting,US,Viewpoint Spectrum
construction-project-accounting,US,Dexter + Chaney
construction-project-accounting,US,Foundation Software
construction-project-accounting,US,CMiC
construction-project-accounting,US,Jobpac
construction-project-accounting,US,Access Coins
construction-project-accounting,US,Computer Guidance eCMS
construction-project-accounting,US,Jonas Construction
construction-project-accounting,US,Sage Intacct Construction
construction-project-accounting,US,Pervasive PSQL
cooperative-rural-microfinance-banking,US,Symitar
cooperative-rural-microfinance-banking,US,Episys
cooperative-rural-microfinance-banking,US,PowerOn Symitar
cooperative-rural-microfinance-banking,US,Jack Henry SilverLake
cooperative-rural-microfinance-banking,US,CIF 20/20
cooperative-rural-microfinance-banking,US,Fiserv Premier
cooperative-rural-microfinance-banking,US,Fiserv DNA
cooperative-rural-microfinance-banking,US,Fiserv Portico
cooperative-rural-microfinance-banking,US,Corelation KeyStone
cooperative-rural-microfinance-banking,US,CU*Answers
cooperative-rural-microfinance-banking,US,FedComp
cooperative-rural-microfinance-banking,US,agree21
cooperative-rural-microfinance-banking,US,Atruvia
cooperative-rural-microfinance-banking,US,Apache Fineract
cooperative-rural-microfinance-banking,US,Mifos
core-banking,US,Jack Henry SilverLake
core-banking,US,Symitar
core-banking,US,Episys
core-banking,US,Fiserv DNA
core-banking,US,Fiserv Premier
core-banking,US,FIS Systematics
core-banking,US,Temenos T24
core-banking,US,Temenos Transact
core-banking,US,Infosys Finacle
core-banking,US,Oracle FLEXCUBE
core-banking,US,TCS BaNCS
core-banking,US,Finastra Equation
core-banking,US,Fusion Midas
core-banking,US,Silverlake SIBS
core-banking,US,Thought Machine Vault
courts-justice,US,CM/ECF
courts-justice,US,PACER
courts-justice,US,Tyler Odyssey
courts-justice,US,Odyssey File and Serve
courts-justice,US,Tyler Enterprise Justice
courts-justice,US,Journal Technologies eCourt
courts-justice,US,equivant CourtView
courts-justice,US,JustWare
courts-justice,US,FullCourt Enterprise
courts-justice,US,HMCTS Common Platform
courts-justice,US,Libra magistrates
courts-justice,US,CrimsonLogic eLitigation
courts-justice,US,e-Kehakiman
courts-justice,US,National Judicial Data Grid
courts-justice,US,forumSTAR
ehr-hospital,US,Epic Hyperspace
ehr-hospital,US,Epic Chronicles
ehr-hospital,US,Epic Clarity
ehr-hospital,US,Epic Caboodle
ehr-hospital,US,MyChart
ehr-hospital,US,Cerner Millennium
ehr-hospital,US,Cerner CCL
ehr-hospital,US,Oracle Health EHR
ehr-hospital,US,MEDITECH Expanse
ehr-hospital,US,MEDITECH MAGIC
ehr-hospital,US,VA VistA
ehr-hospital,US,InterSystems Cache
ehr-hospital,US,Allscripts Sunrise
ehr-hospital,US,SAP IS-H
ehr-hospital,US,HOSxP
erp-distribution,US,Prophet 21
erp-distribution,US,Epicor P21
erp-distribution,US,Epicor Eclipse
erp-distribution,US,Eclipse ERP
erp-distribution,US,Infor SX.e
erp-distribution,US,SX.enterprise
erp-distribution,US,Infor A+
erp-distribution,US,CloudSuite Distribution
erp-distribution,US,Infor FACTS
erp-distribution,US,Epicor BisTrack
erp-distribution,US,DDI Inform
erp-distribution,US,Pronto Xi
erp-distribution,US,Activant
erp-distribution,US,Epicor Eagle
erp-distribution,US,Kerridge K8
erp-manufacturing,US,SAP ECC
erp-manufacturing,US,ECC 6.0
erp-manufacturing,US,S/4HANA migration
erp-manufacturing,US,JD Edwards World
erp-manufacturing,US,JD Edwards EnterpriseOne
erp-manufacturing,US,Infor LN
erp-manufacturing,US,Baan IV
erp-manufacturing,US,MAPICS
erp-manufacturing,US,BPCS
erp-manufacturing,US,Infor XA
erp-manufacturing,US,Infor LX
erp-manufacturing,US,QAD MFG/PRO
erp-manufacturing,US,MFG/PRO
erp-manufacturing,US,Epicor Vantage
erp-manufacturing,US,Epicor Kinetic
erp-manufacturing,US,Plex Systems
field-service-maintenance,US,IBM Maximo
field-service-maintenance,US,Maximo Application Suite
field-service-maintenance,US,Maximo 7.6
field-service-maintenance,US,SAP Plant Maintenance
field-service-maintenance,US,HxGN EAM
field-service-maintenance,US,Infor EAM
field-service-maintenance,US,Datastream 7i
field-service-maintenance,US,Octave Attune
field-service-maintenance,US,IFS Ultimo
field-service-maintenance,US,Oracle eAM
field-service-maintenance,US,MaintainX
field-service-maintenance,US,Limble CMMS
field-service-maintenance,US,Fiix CMMS
field-service-maintenance,US,UpKeep CMMS
field-service-maintenance,US,Tractian
field-service-maintenance,US,ServiceMax
financial-close-gl,US,SAP ECC
financial-close-gl,US,S/4HANA
financial-close-gl,US,SAP FICO
financial-close-gl,US,Oracle EBS
financial-close-gl,US,Oracle E-Business Suite
financial-close-gl,US,JD Edwards
financial-close-gl,US,PeopleSoft Financials
financial-close-gl,US,Hyperion Financial Management
financial-close-gl,US,Oracle HFM
financial-close-gl,US,Dynamics GP
financial-close-gl,US,Great Plains Dynamics
financial-close-gl,US,Infor SunSystems
financial-close-gl,US,TallyPrime
financial-close-gl,US,Tally ERP 9
financial-close-gl,US,FloQast
gov-benefits,US,Model 204
gov-benefits,US,Centrelink ISIS
gov-benefits,US,Welfare Payment Infrastructure Transformation
gov-benefits,US,Universal Credit
gov-benefits,US,IBM Curam
gov-benefits,US,Merative Curam
gov-benefits,US,Cúram
gov-benefits,US,ICL VME
gov-benefits,US,JSAPS
gov-benefits,US,Pension Strategy Computer System
gov-benefits,US,CalSAWS
gov-benefits,US,unemployment insurance COBOL
gov-benefits,US,SSA COBOL
gov-benefits,US,rvDialog
gov-benefits,US,EPFO
gov-licensing-permits,US,Accela
gov-licensing-permits,US,Tyler EnerGov
gov-licensing-permits,US,EnerGov
gov-licensing-permits,US,Infor Hansen
gov-licensing-permits,US,Naviline
gov-licensing-permits,US,Tidemark Advantage
gov-licensing-permits,US,Idox Uniform
gov-licensing-permits,US,Northgate M3
gov-licensing-permits,US,CORENET X
gov-licensing-permits,US,CSDC Amanda
gov-licensing-permits,US,TRAKiT
gov-licensing-permits,US,Infor Pathway
gov-licensing-permits,US,DOB NOW
gov-licensing-permits,US,BreEZe licensing
gov-licensing-permits,US,OSS-RBA
gov-tax,US,Individual Master File
gov-tax,US,IRS IMF
gov-tax,US,Business Master File
gov-tax,US,CADE 2
gov-tax,US,IRS Direct File
gov-tax,US,GenTax
gov-tax,US,Fast Enterprises
gov-tax,US,HMRC ETMP
gov-tax,US,Making Tax Digital
gov-tax,US,ATO Integrated Core Processing
gov-tax,US,National Taxpayer System
gov-tax,US,Coretax DJP
gov-tax,US,SIDJP
gov-tax,US,IRS Business Systems Modernization
gov-tax,US,KONSENS
insurance-claims,US,Guidewire ClaimCenter
insurance-claims,US,ClaimCenter
insurance-claims,US,Guidewire Gosu
insurance-claims,US,Gosu language
insurance-claims,US,RISKMASTER
insurance-claims,US,DXC Assure Claims
insurance-claims,US,FINEOS
insurance-claims,US,Duck Creek Claims
insurance-claims,US,Sapiens IDIT
insurance-claims,US,Fadata INSIS
insurance-claims,US,Insurity Sure Suite
insurance-claims,US,Snapsheet
insurance-claims,US,EvolutionIQ
insurance-claims,US,Shift Technology fraud
insurance-claims,US,Tractable AI claims
insurance-policy-admin,US,Guidewire PolicyCenter
insurance-policy-admin,US,Gosu language
insurance-policy-admin,US,Duck Creek Technologies
insurance-policy-admin,US,Sapiens ALIS
insurance-policy-admin,US,Sapiens IDIT
insurance-policy-admin,US,DXC CyberLife
insurance-policy-admin,US,VANTAGE-ONE
insurance-policy-admin,US,LifeAsia
insurance-policy-admin,US,POLISY/400
insurance-policy-admin,US,LIFE/400
insurance-policy-admin,US,SMART400
insurance-policy-admin,US,TCS BaNCS
insurance-policy-admin,US,eBaoTech
insurance-policy-admin,US,McCamish VPAS
insurance-policy-admin,US,Socotra insurance
lab-information,US,Sunquest
lab-information,US,Cerner PathNet
lab-information,US,Epic Beaker
lab-information,US,SCC SoftLab
lab-information,US,Soft Computer SoftLab
lab-information,US,WinPath
lab-information,US,Orchard Harvest LIS
lab-information,US,Telepath LIMS
lab-information,US,AUSLAB
lab-information,US,TDNexLabs
lab-information,US,LigoLab
lab-information,US,Clinisys
lab-information,US,Meditech LIS
lab-information,US,CrelioHealth
lab-information,US,laboratory information system
land-registry,US,HM Land Registry
land-registry,US,HMLR
land-registry,US,Registers of Scotland
land-registry,US,Torrens title
land-registry,US,PEXA
land-registry,US,Simplifile
land-registry,US,Kofile
land-registry,US,Landeed
land-registry,US,Medici Land Governance
land-registry,US,recorder of deeds
land-registry,US,county recorder
land-registry,US,Eagle Recorder
land-registry,US,e-Tanah
land-registry,US,Kadaster
land-registry,US,Grundbuch
loan-origination-servicing,US,Black Knight MSP
loan-origination-servicing,US,Ellie Mae
loan-origination-servicing,US,Ellie Mae Encompass
loan-origination-servicing,US,ICE Mortgage Technology
loan-origination-servicing,US,Finastra Loan IQ
loan-origination-servicing,US,Loan IQ
loan-origination-servicing,US,FinnOne
loan-origination-servicing,US,Nucleus Software
loan-origination-servicing,US,ACBS commercial loan
loan-origination-servicing,US,Sagent LoanServ
loan-origination-servicing,US,Optimal Blue
loan-origination-servicing,US,nCino
loan-origination-servicing,US,Valon mortgage
loan-origination-servicing,US,LoanPro
loan-origination-servicing,US,REALServicing
mainframe-cobol-general,US,COBOL
mainframe-cobol-general,US,z/OS
mainframe-cobol-general,US,CICS
mainframe-cobol-general,US,JCL
mainframe-cobol-general,US,VSAM
mainframe-cobol-general,US,TN3270
mainframe-cobol-general,US,ISPF
mainframe-cobol-general,US,IBM z16
mainframe-cobol-general,US,IBM z17
mainframe-cobol-general,US,Enterprise COBOL
mainframe-cobol-general,US,Micro Focus COBOL
mainframe-cobol-general,US,Unisys ClearPath
mainframe-cobol-general,US,PL/I
mainframe-cobol-general,US,IDMS
mainframe-cobol-general,US,DB2 for z/OS
medical-billing-rcm,US,Epic Resolute
medical-billing-rcm,US,Epic Chronicles
medical-billing-rcm,US,Epic Hyperspace
medical-billing-rcm,US,MEDITECH MAGIC
medical-billing-rcm,US,MEDITECH Expanse
medical-billing-rcm,US,Cerner Millennium
medical-billing-rcm,US,Soarian Financials
medical-billing-rcm,US,Allscripts Sunrise
medical-billing-rcm,US,SAP IS-H
medical-billing-rcm,US,InterSystems TrakCare
medical-billing-rcm,US,Waystar
medical-billing-rcm,US,Availity
medical-billing-rcm,US,X12 837
medical-billing-rcm,US,835 remittance
medical-billing-rcm,US,CAQH CORE
mortgage-servicing,US,Black Knight MSP
mortgage-servicing,US,LoanSphere MSP
mortgage-servicing,US,ICE MSP
mortgage-servicing,US,Black Knight Financial Services
mortgage-servicing,US,Mortgage Servicing Platform
mortgage-servicing,US,Sagent LoanServ
mortgage-servicing,US,Fiserv MortgageServ
mortgage-servicing,US,FICS Mortgage Servicer
mortgage-servicing,US,ValonOS
mortgage-servicing,US,Valon Mortgage
mortgage-servicing,US,Phoebus Software
mortgage-servicing,US,Nucleus FinnOne
mortgage-servicing,US,Mr. Cooper servicing platform
mortgage-servicing,US,PennyMac Black Knight lawsuit
payroll-hr,US,PeopleSoft
payroll-hr,US,SAP HCM
payroll-hr,US,SAP SuccessFactors
payroll-hr,US,Employee Central Payroll
payroll-hr,US,Kronos Workforce Central
payroll-hr,US,UKG Pro
payroll-hr,US,Infor Lawson
payroll-hr,US,Oracle EBS HRMS
payroll-hr,US,ADP Workforce Now
payroll-hr,US,Workday HCM
payroll-hr,US,MyCalPAYS
payroll-hr,US,Phoenix pay system
payroll-hr,US,Electronic Staff Record
payroll-hr,US,Queensland Health payroll
payroll-hr,US,Paychex
pension-provident-fund-admin,US,OmniPlus
pension-provident-fund-admin,US,OmniScript
pension-provident-fund-admin,US,FIS Relius
pension-provident-fund-admin,US,Heywood Altair
pension-provident-fund-admin,US,Capita Hartlink
pension-provident-fund-admin,US,Equiniti Compendia
pension-provident-fund-admin,US,Civica UPM
pension-provident-fund-admin,US,Bravura Sonata
pension-provident-fund-admin,US,GBST Composer
pension-provident-fund-admin,US,Sagitec Neospin
pension-provident-fund-admin,US,Vitech V3locity
pension-provident-fund-admin,US,PensionGold
pension-provident-fund-admin,US,myCalPERS
pension-provident-fund-admin,US,CalSTRS BenefitConnect
pension-provident-fund-admin,US,EPFO
port-terminal-operating-system,US,Navis N4
port-terminal-operating-system,US,SPARCS N4
port-terminal-operating-system,US,Navis SPARCS
port-terminal-operating-system,US,Kaleris Navis
port-terminal-operating-system,US,Tideworks Mainsail
port-terminal-operating-system,US,Mainsail Vanguard
port-terminal-operating-system,US,Total Soft Bank CATOS
port-terminal-operating-system,US,PSA CITOS
port-terminal-operating-system,US,Hutchison nGen
port-terminal-operating-system,US,RBS TOPS
port-terminal-operating-system,US,TOPX terminal
port-terminal-operating-system,US,CargoesTOS
port-terminal-operating-system,US,Octopi TOS
port-terminal-operating-system,US,TOS Nusantara
port-terminal-operating-system,US,terminal operating system
procurement-ap,US,SAP Ariba
procurement-ap,US,Coupa
procurement-ap,US,Basware
procurement-ap,US,SAP MM
procurement-ap,US,SAP ECC
procurement-ap,US,SAP R/3
procurement-ap,US,Oracle EBS
procurement-ap,US,Oracle Payables
procurement-ap,US,Oracle iProcurement
procurement-ap,US,JD Edwards World
procurement-ap,US,PeopleSoft Financials
procurement-ap,US,Tipalti
procurement-ap,US,Stampli
procurement-ap,US,TallyPrime
procurement-ap,US,MYOB AccountRight
retail-pos-merch,US,4690 OS
retail-pos-merch,US,SurePOS ACE
retail-pos-merch,US,Toshiba TCx
retail-pos-merch,US,Oracle Xstore
retail-pos-merch,US,Xstore POS
retail-pos-merch,US,Oracle Retail RMS
retail-pos-merch,US,Retek
retail-pos-merch,US,JDA MMS
retail-pos-merch,US,Blue Yonder MMS
retail-pos-merch,US,360Commerce
retail-pos-merch,US,NCR Retalix
retail-pos-merch,US,Microsoft Dynamics RMS
retail-pos-merch,US,LS Nav
retail-pos-merch,US,SAP IS-Retail
retail-pos-merch,US,Epicor Retail
student-information,US,Ellucian Banner
student-information,US,Ellucian Colleague
student-information,US,Banner SaaS
student-information,US,Datatel
student-information,US,SunGard Higher Education
student-information,US,PeopleSoft Campus Solutions
student-information,US,Workday Student
student-information,US,Jenzabar
student-information,US,SITS:Vision
student-information,US,Tribal Callista
student-information,US,Capita SIMS
student-information,US,PowerSchool SIS
student-information,US,Infinite Campus
student-information,US,Skyward SIS
student-information,US,Anthology Student
telecom-bss,US,Amdocs
telecom-bss,US,Amdocs Ensemble
telecom-bss,US,BSCS iX
telecom-bss,US,Ericsson BSCS
telecom-bss,US,Oracle BRM
telecom-bss,US,Portal Infranet
telecom-bss,US,Kenan Arbor
telecom-bss,US,Netcracker
telecom-bss,US,CSG Singleview
telecom-bss,US,CSG ACP
telecom-bss,US,Convergys Infinys
telecom-bss,US,Redknee
telecom-bss,US,Optiva BSS
telecom-bss,US,MATRIXX Software
telecom-bss,US,Totogi
trade-finance,US,Eximbills
trade-finance,US,Surecomp IMEX
trade-finance,US,Surecomp
trade-finance,US,Finastra Trade Innovation
trade-finance,US,TI Plus
trade-finance,US,Misys Trade Innovation
trade-finance,US,CGI Trade360
trade-finance,US,DOKA-NG
trade-finance,US,Oracle Banking Trade Finance
trade-finance,US,Traydstream
trade-finance,US,Komgo
trade-finance,US,Contour network letters of credit
trade-finance,US,essDOCS
trade-finance,US,Bolero International
trade-finance,US,UCP 600
utility-billing-cis,US,SAP IS-U
utility-billing-cis,US,SAP ISU
utility-billing-cis,US,S/4HANA Utilities
utility-billing-cis,US,Oracle CC&B
utility-billing-cis,US,Oracle Utilities Customer Care and Billing
utility-billing-cis,US,Kraken Technologies
utility-billing-cis,US,Octopus Energy Kraken
utility-billing-cis,US,Gentrack
utility-billing-cis,US,Junifer
utility-billing-cis,US,Hansen Banner
utility-billing-cis,US,CIS Infinity
utility-billing-cis,US,NorthStar CIS
utility-billing-cis,US,Itineris UMAX
utility-billing-cis,US,EMIGALL
utility-billing-cis,US,Tyler Incode
warehouse-management,US,PkMS
warehouse-management,US,Manhattan WMOS
warehouse-management,US,Manhattan SCALE
warehouse-management,US,Manhattan Active WM
warehouse-management,US,SAP LE-WM
warehouse-management,US,SAP EWM
warehouse-management,US,SAP Stock Room Management
warehouse-management,US,RedPrairie
warehouse-management,US,Blue Yonder Dispatcher
warehouse-management,US,JDA WMS
warehouse-management,US,HighJump WMS
warehouse-management,US,Korber WMS
warehouse-management,US,Infor SCE
warehouse-management,US,Reflex WMS
warehouse-management,US,Ivanti Velocity
wealth-portfolio-accounting,US,Advent Axys
wealth-portfolio-accounting,US,Advent APX
wealth-portfolio-accounting,US,Advent Geneva
wealth-portfolio-accounting,US,SS&C Advent
wealth-portfolio-accounting,US,InvestOne
wealth-portfolio-accounting,US,FIS Investment Accounting Manager
wealth-portfolio-accounting,US,SEI TRUST 3000
wealth-portfolio-accounting,US,SEI Wealth Platform
wealth-portfolio-accounting,US,Avaloq
wealth-portfolio-accounting,US,Temenos Triple'A Plus
wealth-portfolio-accounting,US,SimCorp Dimension
wealth-portfolio-accounting,US,Addepar
wealth-portfolio-accounting,US,Black Diamond Wealth
wealth-portfolio-accounting,US,Orion Advisor
wealth-portfolio-accounting,US,Envestnet Tamarac
wealth-portfolio-accounting,US,REPLANG
