region,category,organisation,system,status,year,source
IN,core-banking,State Bank of India,"Core Banking Solution (CBS), customer base over 520 million; vendor not named in the report",in_use,2025,https://sbi.bank.in/documents/17826/35696/Annual+Report+FY2025.pdf/1b6a1b79-a16d-b9d1-d28f-be8d7edf60d5?t=1745556744202
IN,loan-origination-servicing,State Bank of India,In-house Retail Loan Management System (RLMS),in_use,2025,https://sbi.bank.in/documents/17826/35696/Annual+Report+FY2025.pdf/1b6a1b79-a16d-b9d1-d28f-be8d7edf60d5?t=1745556744202
IN,core-banking,IndusInd Bank,"Infosys Finacle core banking, moved to a high-availability deployment in FY2025; about 5 million vehicle-finance customers migrated from legacy platforms onto it",in_use,2025,https://www.indusind.bank.in/content/dam/indusind-corporate/investor-resource/latest-annual-report/annual_report_2024-25.pdf
IN,capital-markets-trading-clearing,IndusInd Bank,"Calypso treasury system, used with SAS market risk management",in_use,2025,https://www.indusind.bank.in/content/dam/indusind-corporate/investor-resource/latest-annual-report/annual_report_2024-25.pdf
IN,procurement-ap,IndusInd Bank,Oracle P2P (Procure to Pay) integrated with Oracle GL (F&A module),in_use,2025,https://www.indusind.bank.in/content/dam/indusind-corporate/investor-resource/latest-annual-report/annual_report_2024-25.pdf
IN,core-banking,SBM Bank (India),Existing core banking system being re-architected into a next-generation core banking platform,replacing,2025,https://www.sbm.bank.in/pdf/reports/Annual-Report-FY-24-25.pdf
IN,card-payments-processing,SBM Bank (India),"Card Management System (debit, credit and prepaid; RuPay, Visa, Mastercard) on a bank-owned virtual private cloud",in_use,2025,https://www.sbm.bank.in/pdf/reports/Annual-Report-FY-24-25.pdf
IN,core-banking,Bank of Baroda,Infosys Finacle core banking (CERSAI 2.0 to Finacle API integration completed),in_use,2025,https://bankofbaroda.bank.in/-/media/project/bob/countrywebsites/india/shareholders-corner2/2025/25-05/bob-ar-2024-25-hr-30-15.pdf
IN,core-banking,Union Bank of India,"Infosys Finacle core banking, upgrade from 10.2.18 to 10.2.25 under way, plus Finacle deployment on Kubernetes",replacing,2025,https://www.unionbankofindia.bank.in/pdf/union-bank-ar-2024-25-eng-final.pdf
IN,core-banking,Punjab National Bank,Infosys Finacle core banking (CBS),in_use,2026,https://nsearchives.nseindia.com/annual_reports/AR_29283_PNB_2025_2026_A_11706707_27052026194557.pdf
IN,capital-markets-trading-clearing,Punjab National Bank,"Finacle Treasury application, with treasury risk tools and limits automated inside it",in_use,2026,https://nsearchives.nseindia.com/annual_reports/AR_29283_PNB_2025_2026_A_11706707_27052026194557.pdf
IN,core-banking,Indian Overseas Bank,"Infosys Finacle core banking, upgraded from 10.2.17 to 10.2.25 on IBM P10 and Oracle RAC",in_use,2026,https://nsearchives.nseindia.com/annual_reports/AR_29382_IOB_2025_2026_A_26804968_11062026170135.pdf
IN,core-banking,UCO Bank,"Infosys Finacle core banking, with a separate Loan Origination System (LOS) as a source system",in_use,2026,https://nsearchives.nseindia.com/annual_reports/AR_29269_UCOBANK_2025_2026_A_10512079_21052026203406.pdf
IN,cooperative-rural-microfinance-banking,"Bank of Maharashtra (sponsored RRB, erstwhile Vidarbha Konkan Gramin Bank branches)","TCS BaNCS 24 core banking for the eVKGB branches, migrated from Finacle under the NABARD SOP",in_use,2026,https://nsearchives.nseindia.com/annual_reports/AR_29360_MAHABANK_2025_2026_A_16232043_06062026210604.pdf
IN,loan-origination-servicing,Bank of Maharashtra,"LOTUS Loan Origination System (car, GST MSME, housing and personal loans)",in_use,2026,https://nsearchives.nseindia.com/annual_reports/AR_29360_MAHABANK_2025_2026_A_16232043_06062026210604.pdf
IN,core-banking,Bank of India,Infosys Finacle core banking (CPA and stock-audit MIS integrated in Finacle),in_use,2026,https://nsearchives.nseindia.com/annual_reports/AR_29271_BANKINDIA_2025_2026_A_5930339_22052026115827.pdf
IN,trade-finance,Bank of India,"Loan management system package for channel finance (BOI TradeEasy, with Finastra)",in_use,2026,https://nsearchives.nseindia.com/annual_reports/AR_29271_BANKINDIA_2025_2026_A_5930339_22052026115827.pdf
IN,core-banking,Axis Bank,"Infosys Finacle enterprise core; Finacle branch upgrade rolled out across 5,983 branches and 174 back offices",in_use,2026,https://nsearchives.nseindia.com/annual_reports/AR_29441_AXISBANK_2025_2026_A_11309490_25062026131025.pdf
IN,capital-markets-trading-clearing,Axis Bank,Murex treasury and markets platform (upgraded),in_use,2026,https://nsearchives.nseindia.com/annual_reports/AR_29441_AXISBANK_2025_2026_A_11309490_25062026131025.pdf
IN,financial-close-gl,Kotak Securities Ltd (Kotak Mahindra Bank subsidiary),Oracle Fusion general ledger,in_use,2026,https://nsearchives.nseindia.com/annual_reports/AR_32041_KOTAKBANK_2025_2026_A_9262663_16092026104828.pdf
IN,loan-origination-servicing,YES Bank,Salesforce-based cloud loan origination system with business rule engine (mortgage and personal loans),in_use,2026,https://nsearchives.nseindia.com/annual_reports/AR_29996_YESBANK_2025_2026_A_14709739_25072026004908.pdf
IN,loan-origination-servicing,YES Bank,FinnOne (Pegasus journey for Wheels / commercial vehicle loans),in_use,2026,https://nsearchives.nseindia.com/annual_reports/AR_29996_YESBANK_2025_2026_A_14709739_25072026004908.pdf
IN,core-banking,Federal Bank,Infosys Finacle core banking (migrated in 2007),in_use,2007,https://nsearchives.nseindia.com/annual_reports/AR_30083_FEDERALBNK_2025_2026_A_19914611_30072026220815.pdf
IN,loan-origination-servicing,Federal Bank,Primus unified Loan Origination System (plus Fedmi and Gold Loan LOS),in_use,2026,https://nsearchives.nseindia.com/annual_reports/AR_30083_FEDERALBNK_2025_2026_A_19914611_30072026220815.pdf
IN,card-payments-processing,RBL Bank,"New Debit Card Management System (DCMS), brought in after the card switch migration",in_use,2026,https://nsearchives.nseindia.com/annual_reports/AR_30247_RBLBANK_2025_2026_A_19820857_07082026175748.pdf
IN,core-banking,Bandhan Bank,Oracle FLEXCUBE (FC) core banking with Oracle Banking Payments (OBPM),in_use,2026,https://nsearchives.nseindia.com/annual_reports/AR_30085_BANDHANBNK_2025_2026_A_10342063_31072026100038.pdf
IN,capital-markets-trading-clearing,Bandhan Bank,Calypso treasury (part of the ISO 20022 MT-to-MX migration),in_use,2026,https://nsearchives.nseindia.com/annual_reports/AR_30085_BANDHANBNK_2025_2026_A_10342063_31072026100038.pdf
IN,financial-close-gl,Bandhan Bank,"eGL on Oracle E-Business Suite R12, with Hyperion for budgeting",in_use,2026,https://nsearchives.nseindia.com/annual_reports/AR_30085_BANDHANBNK_2025_2026_A_10342063_31072026100038.pdf
IN,core-banking,CSB Bank,"Oracle FLEXCUBE core banking, live May 2025, replacing almost all legacy systems",in_use,2025,https://nsearchives.nseindia.com/annual_reports/AR_27245_CSBBANK_2024_2025_A_02082025115017.pdf
IN,payroll-hr,CSB Bank,Moving HR from PeopleStrong to Oracle Fusion (HR360),replacing,2025,https://nsearchives.nseindia.com/annual_reports/AR_27245_CSBBANK_2024_2025_A_02082025115017.pdf
IN,core-banking,South Indian Bank,Infosys Finacle 10 core banking,in_use,2026,https://nsearchives.nseindia.com/annual_reports/AR_30026_SOUTHBANK_2025_2026_A_6412651_27072026204452.pdf
IN,core-banking,Karur Vysya Bank,Oracle Flexcube core banking,in_use,2026,https://nsearchives.nseindia.com/annual_reports/AR_29772_KARURVYSYA_2025_2026_A_17472285_13072026221658.pdf
IN,payroll-hr,Karnataka Bank,Oracle PeopleSoft HRMS,in_use,2026,https://nsearchives.nseindia.com/annual_reports/AR_30944_KTKBANK_2025_2026_A_10134177_31082026213534.pdf
IN,financial-close-gl,Tamilnad Mercantile Bank,"Oracle Fusion Cloud suite (ERP, HCM, CX), fully live by March 2026",in_use,2026,https://nsearchives.nseindia.com/annual_reports/AR_29408_TMB_2025_2026_A_9488705_18062026191934.pdf
IN,core-banking,Tamilnad Mercantile Bank,Infosys Finacle core banking (current version at all branches),in_use,2026,https://nsearchives.nseindia.com/annual_reports/AR_29408_TMB_2025_2026_A_9488705_18062026191934.pdf
IN,core-banking,AU Small Finance Bank,"Core banking system of the acquired Fincare SFB, migrated into AU's core banking system to form one platform",replaced,2026,https://nsearchives.nseindia.com/annual_reports/AR_30341_AUBANK_2025_2026_A_22660544_13082026202900.pdf
IN,loan-origination-servicing,AU Small Finance Bank,"AI-native Loan Origination System (live for gold loans; built with Intellect Design Arena Purple Fabric), plus Salesforce LOS for personal loans",in_use,2026,https://nsearchives.nseindia.com/annual_reports/AR_30341_AUBANK_2025_2026_A_22660544_13082026202900.pdf
IN,loan-origination-servicing,Equitas Small Finance Bank,Hetra Loan Origination System,in_use,2026,https://nsearchives.nseindia.com/annual_reports/AR_30279_EQUITASBNK_2025_2026_A_14432471_10082026160629.pdf
IN,core-banking,Ujjivan Small Finance Bank,Infosys Finacle core banking,in_use,2026,https://nsearchives.nseindia.com/annual_reports/AR_29498_UJJIVANSFB_2025_2026_A_7943947_30062026182621.pdf
IN,core-banking,IDBI Bank,"Infosys Finacle core banking (with Finacle E-Banking), CBS hardware upgraded in FY2025-26",in_use,2026,https://nsearchives.nseindia.com/annual_reports/AR_29451_IDBI_2025_2026_A_28916527_25062026182148.pdf
IN,insurance-policy-admin,SBI Life Insurance,Ingenium policy administration (also handles servicing and claim transactions),in_use,2026,https://nsearchives.nseindia.com/annual_reports/AR_29974_SBILIFE_2025_2026_A_12296748_23072026224207.pdf
IN,payroll-hr,SBI Life Insurance,"SAP-based HRMS, replaced by cloud HROne (Darwinbox)",replaced,2026,https://nsearchives.nseindia.com/annual_reports/AR_29974_SBILIFE_2025_2026_A_12296748_23072026224207.pdf
IN,insurance-policy-admin,ICICI Lombard General Insurance,"Artemis core system on TCS BaNCS, combining policy administration, reinsurance and claims servicing",replacing,2026,https://nsearchives.nseindia.com/annual_reports/AR_29280_ICICIGI_2025_2026_A_27611504_27052026031350.pdf
IN,insurance-policy-admin,The New India Assurance Company,"CWISS system for policy, claims and accounting data (direct business); RAMS for reinsurance",in_use,2026,https://nsearchives.nseindia.com/annual_reports/AR_30008_NIACL_2025_2026_U_20527526_26072026222054.pdf
IN,wealth-portfolio-accounting,The New India Assurance Company,CREDENCE investment operations software,in_use,2026,https://nsearchives.nseindia.com/annual_reports/AR_30008_NIACL_2025_2026_U_20527526_26072026222054.pdf
IN,financial-close-gl,General Insurance Corporation of India (GIC Re),SAP ECC upgrade to SAP S/4HANA (Phase I database move from Oracle to HANA done; Phase II under way),replacing,2026,https://nsearchives.nseindia.com/annual_reports/AR_30953_GICRE_2025_2026_A_11131755_31082026234331.pdf
IN,insurance-claims,Star Health and Allied Insurance,Matrix AI-enabled claims management platform (about 75% of claims at 31 March 2026),replacing,2026,https://nsearchives.nseindia.com/annual_reports/AR_30113_STARHEALTH_2025_2026_A_24210053_31072026194244.pdf
IN,insurance-policy-admin,Star Health and Allied Insurance,"Legacy Atom ecosystem, replaced by Atom Pro for acquisition, policy administration and servicing",replaced,2026,https://nsearchives.nseindia.com/annual_reports/AR_30113_STARHEALTH_2025_2026_A_24210053_31072026194244.pdf
IN,insurance-policy-admin,Niva Bupa Health Insurance,"Oracle Health Insurance (OHI), run by a third-party service provider",in_use,2026,https://nsearchives.nseindia.com/annual_reports/AR_29857_NIVABUPA_2025_2026_A_9451873_17072026170419.pdf
IN,ehr-hospital,Narayana Hrudayalaya (Narayana Health),ATHMA hospital information system (HMIS) with EMR,in_use,2026,https://nsearchives.nseindia.com/annual_reports/AR_29975_NH_2025_2026_A_9187134_24072026000959.pdf
IN,lab-information,Narayana Hrudayalaya (Narayana Health),"In-house LIS + Medha (lab) and RIS + MedhaX (radiology), integrated with PACS and EMR",in_use,2026,https://nsearchives.nseindia.com/annual_reports/AR_29975_NH_2025_2026_A_9187134_24072026000959.pdf
IN,ehr-hospital,Rainbow Children's Medicare,"New Hospital Information System with queue management, being rolled out",replacing,2026,https://nsearchives.nseindia.com/annual_reports/AR_29603_RAINBOW_2025_2026_A_13973430_06072026224727.pdf
IN,lab-information,Fortis Healthcare (Agilus Diagnostics),"CLIMS lab platform, enhanced in FY2026 with a full modernisation planned; ERP migration also planned",planned,2026,https://nsearchives.nseindia.com/annual_reports/AR_29859_FORTIS_2025_2026_A_13291240_17072026174446.pdf
IN,ehr-hospital,Max Healthcare Institute,"Modernised OPD Electronic Health Record that replaced the earlier OPD EHR, integrated with HIS",in_use,2026,https://nsearchives.nseindia.com/annual_reports/AR_29667_MAXHEALTH_2025_2026_A_14660266_08072026194209.pdf
IN,telecom-bss,Mahanagar Telephone Nigam Ltd (MTNL),CBCRM postpaid wireless billing system (installed 2005; no source code; down in Mumbai; customers to move to BSNL billing),in_use,2026,https://nsearchives.nseindia.com/annual_reports/AR_31475_MTNL_2025_2026_A_3468495_05092026110730.pdf
IN,telecom-bss,Vodafone Idea,Amdocs digital monetization system; Idea postpaid customers consolidated onto it,in_use,2020,https://www.thefastmode.com/technology-solutions/17696-amdocs-help-to-consolidate-idea-and-vodafone-postpaid-customers-onto-single-platform
IN,financial-close-gl,Bharti Airtel,One Oracle ERP instance across all operating units (with Oracle GRC),in_use,2025,https://nsearchives.nseindia.com/corporate/BHARTIARTL_16072025224751_AirtelAnnualReportandNotice2025.pdf
IN,financial-close-gl,Tata Power,"SAP S/4HANA, which replaced SAP ECC on 23 December 2024",in_use,2024,https://www.tatapower.com/company-financials/annual-reports/106annualreport-2024-25.pdf
IN,utility-billing-cis,Tata Power,"SAP billing integrated with smart metering, CRM and GIS",in_use,2025,https://www.tatapower.com/company-financials/annual-reports/106annualreport-2024-25.pdf
IN,utility-billing-cis,Adani Electricity Mumbai Ltd (Adani Energy Solutions),SAP billing with SAP C4C CRM; Mendix Bill Distribution Tracking System replaced a legacy Java application (May 2025),in_use,2026,https://nsearchives.nseindia.com/annual_reports/AR_29314_ADANIENSOL_2025_2026_A_14197639_31052026195028.pdf
ID,core-banking,PT Bank Syariah Indonesia Tbk (BRIS),"Temenos core banking upgraded from Temenos R10 to R24 (migration completed 16 May 2026, about 1,500 staff, core connected to 70+ applications)",in_use,2026,https://live.theasianbanker.com/video/can-bsi-turn-its-core-banking-overhaul-into-the-next-phase-of-digital-growth
ID,card-payments-processing,PT Bank Syariah Indonesia Tbk (BRIS),"New Card Management System for BSI Hasanah Card, run as an Artajasa managed service, replacing the existing Cardlink CMS (AR 2024 lists it as live / Q1 2025)",replacing,2024,https://ir.bankbsi.co.id/newsroom/AnnualReport2024-BRIS-att3.pdf
ID,core-banking,PT Bank Jago Tbk (ARTO),Mambu SaaS cloud core banking on Google Cloud (implemented in 7 months; AR 2024 confirms cloud-hosted core banking),in_use,2020,https://mambu.com/en/customer/bank-jago
ID,core-banking,PT Bank Neo Commerce Tbk (BBYB),Sunline iCORE digital core banking on Tencent Cloud TDSQL database (AR 2024 plans further CBS development in 2025),in_use,2021,https://www.tencentcloud.com/customers/detail/2458
ID,core-banking,"PT Bank Mandiri Taspen (Bank Mantap, subsidiary of Bank Mandiri)",New Core Banking System: Silverlake SIBS chosen 25 Aug 2023 over Oracle Flexcube and Temenos after POC; AS/400 + x86 servers procured; go-live target Oct 2024,replacing,2023,https://www.bankmandiritaspen.co.id/storage/laporan/dokumen/tahunan/0078011bf9782ea71de50adf262b53b1.pdf
ID,capital-markets-trading-clearing,"PT Bank Mandiri Taspen (Bank Mantap, subsidiary of Bank Mandiri)",Treasury System on Infosys Finacle (development completed 2021),in_use,2021,https://www.bankmandiritaspen.co.id/storage/laporan/dokumen/tahunan/0078011bf9782ea71de50adf262b53b1.pdf
ID,card-payments-processing,"PT Bank Mandiri Taspen (Bank Mantap, subsidiary of Bank Mandiri)","Switching System and Card Management System provided by PT Artajasa Pembayaran Elektronis (agreement since 2015, auto-renewing)",in_use,2015,https://www.bankmandiritaspen.co.id/storage/laporan/dokumen/tahunan/0078011bf9782ea71de50adf262b53b1.pdf
ID,core-banking,PT Bank Danamon Indonesia Tbk (BDMN),Oracle FLEXCUBE for the Danamon Simpan Pinjam micro-lending network (all DSP products and branches converted; status as reported in 2008),in_use,2008,https://www.techmonitor.ai/technology/bank_danamon_completes_oracles_flexcube_implementation
ID,core-banking,PT Bank Tabungan Negara (Persero) Tbk (BBTN),Core banking on IBM AS/400 (online real-time across branches since 2002); core banking system capacity and performance upgraded in 2024,in_use,2024,https://emitten-announcement.stockbit.com/attachments/f-31866247-0_AnnualReport2024-BBTN-att2.pdf
ID,mainframe-cobol-general,PT Bank Central Asia Tbk (BBCA),IBM IMS databases underlying online/digital banking (offline IMS reorganisation downtime addressed with BMC tooling); case study undated,in_use,undated,https://www.bmc.com/customers/bank-central-asia.html
ID,core-banking,PT Bank Central Asia Tbk (BBCA),"Core system modernisation to an open-system platform, plus new Cibitung data center launched 2025",replacing,2025,https://www.bca.co.id/-/media/Feature/Report/File/S8/Laporan-Tahunan/2026/20260212-BCA-AR-2025-EN.pdf
ID,core-banking,"PT Bank Pembangunan Daerah Jawa Timur Tbk (Bank Jatim, BJTM)","Core banking system on IBM iSeries (server tender for core banking July 2021, results Sept 2021); AR 2024 lists core banking enhancement",in_use,2021,https://www.bankjatim.co.id/en/information/procurement
ID,procurement-ap,"PT Bank Pembangunan Daerah Jawa Timur Tbk (Bank Jatim, BJTM)","Odoo ERP (CRM pipeline, Vendor Management System, Inventory, Project Management, Fleet)",in_use,2024,https://www.bankjatim.co.id/files/iru/bahan_rups/laporan_tahunan/2024/annual_report_bjtm_2024_eng_e_reporting.pdf
ID,procurement-ap,"PT Bank Pembangunan Daerah Jawa Barat dan Banten Tbk (bank bjb, BJBR)","Promise e-Procurement system (eproc.bankbjb.co.id), effective 1 Feb 2020",in_use,2020,https://promise.co.id/implementasi-promise-di-bank-bjb
ID,financial-close-gl,PT Bank Aladin Syariah Tbk (BANK),"Odoo ERP (Accounting, Purchasing, Sales, Inventory, Approval modules); vendor customer page undated",in_use,undated,https://www.odoo.com/customers/pt-bank-aladin-syariah-tbk-4943671
ID,core-banking,"PT Bank OCBC NISP Tbk (OCBC Indonesia, NISP)","Silverlake (Silverlake Structured Services / Silverlake Mobility Ecosystem, the SIBS vendor) and DXC: significant capital commitments disclosed in FY2024 notes",in_use,2024,https://www.ocbc.id/asset/media/Feature/AboutOCBC/Hubungan-Investor/Laporan-Tahunan/2024/2024_annual-report-ocbc.pdf
ID,financial-close-gl,PT Bank Rakyat Indonesia (Persero) Tbk (BBRI),"SAP finance: Fixed Asset Management, Income & Expense Management and Group Reporting live; SAP Financial Products Subledger (IFRS 9) planned",in_use,2022,https://news.sap.com/sea/2022/06/bri-siap-tingkatkan-kualitas-layanan-melalui-transformasi-digital/
ID,loan-origination-servicing,PT Bank Mandiri (Persero) Tbk (BMRI),"Retail Loan Originating System (LOS) enhancement, alongside core banking tuning",in_use,2016,http://media.corporate-ir.net/media_files/IROL/14/146157/scorecard_partA/scorecard16_partF/(b)%20E.5.1.%20IT%20Governance.pdf
ID,payroll-hr,PT Bank Mandiri (Persero) Tbk (BMRI),SAP HR capability development (HR programme of IT plan),in_use,2016,http://media.corporate-ir.net/media_files/IROL/14/146157/scorecard_partA/scorecard16_partF/(b)%20E.5.1.%20IT%20Governance.pdf
ID,loan-origination-servicing,"PT Bank Digital BCA (blu, subsidiary of BBCA)","Loan Core System, Loan Origination System and Scoring System developments",in_use,2024,https://bcadigital.co.id/documents/AnnualReport2024.pdf
ID,loan-origination-servicing,PT Adira Dinamika Multi Finance Tbk (ADMF),"Core system modernisation and digitalisation programme 'Borneo' (acquisition, credit decision, collection/maintenance)",replacing,2025,https://emitten-announcement.stockbit.com/attachments/f-31865793-0_AnnualReport2024-ADMF-att1.pdf
ID,financial-close-gl,PT Adira Dinamika Multi Finance Tbk (ADMF),SAP ERP (access-rights governance system implemented 2024; SAP Analytics Cloud HR dashboard),in_use,2024,https://emitten-announcement.stockbit.com/attachments/f-31865793-0_AnnualReport2024-ADMF-att1.pdf
ID,insurance-policy-admin,PT Asuransi Tugu Pratama Indonesia Tbk (TUGU),Tugu Insurance Solution (TIS): in-house TIS.NET and TIS.RETAIL integrating corporate and retail insurance processes; capacity enhanced for IFRS 17,in_use,2022,https://cms-tpi.tugu.com/files/2020/01/Tugu-AR-2022-230418.pdf
ID,financial-close-gl,PT Asuransi Tugu Pratama Indonesia Tbk (TUGU),"New ERP (SAP S/4HANA-based programme, kick-off 24 Nov 2022) for IFRS 17/PSAK 74, plus rejuvenation of ERP TIS.FINANCE in 2023",replacing,2022,https://cms-tpi.tugu.com/files/2020/01/Tugu-AR-2022-230418.pdf
ID,insurance-policy-admin,"Hanwha Life Insurance Indonesia (Hanwha Life Insurance Co., KRX-listed)",eBaoTech LifeSystem policy administration for traditional and unit-linked products,in_use,2013,https://www.lifeinsuranceinternational.com/news/hanwha-life-implements-ebaotech-lifesystem-for-its-new-indonesia-business-060513/
ID,telecom-bss,"PT Telekomunikasi Selular (Telkomsel, subsidiary of TLKM)","Amdocs billing system (won Telkomsel billing tender in 2010, approx. Rp1.2tn)",in_use,2010,https://selular.id/2023/04/pernah-bikin-heboh-di-indonesia-amdocs-kini-kuasai-pasar-e-sim-global/
ID,telecom-bss,"PT Telekomunikasi Selular (Telkomsel, subsidiary of TLKM)","Amdocs Online Charging System (OCS) and Service Control Points (SCP) solution development, contract Oct 2024 to Oct 2029",replacing,2024,https://www.telkom.co.id/minio/show/data/lampiran/1778677751258_original_TLKM-2025AR-EN-52-00-HiRes.pdf
ID,telecom-bss,"PT Telekomunikasi Selular (Telkomsel, subsidiary of TLKM)","CRM solution (system integrator PT Phincon), development/rollout and support Sept 2019 to Sept 2027",in_use,2019,https://www.telkom.co.id/minio/show/data/lampiran/1778677751258_original_TLKM-2025AR-EN-52-00-HiRes.pdf
ID,telecom-bss,"PT Telekomunikasi Selular (Telkomsel, subsidiary of TLKM)","by.U digital brand platform (design, development and launch by PT Phincon), June 2024 to June 2029",in_use,2024,https://www.telkom.co.id/minio/show/data/lampiran/1778677751258_original_TLKM-2025AR-EN-52-00-HiRes.pdf
ID,telecom-bss,"PT Telekomunikasi Selular (Telkomsel, subsidiary of TLKM)","Huawei PCRF (policy and charging rules function), March 2022 to March 2028",in_use,2022,https://www.telkom.co.id/minio/show/data/lampiran/1778677751258_original_TLKM-2025AR-EN-52-00-HiRes.pdf
ID,card-payments-processing,"PT Finnet Indonesia (subsidiary of PT Telkom Indonesia Tbk, TLKM)","OpenWay Way4 Switch payment platform connecting ~90 banks, 120 billers and 800 merchants (migrated 2006)",in_use,2006,https://openwaygroup.com/finnet-switch-case-study
ID,telecom-bss,PT Indosat Ooredoo Hutchison Tbk (ISAT),"Ericsson Digital Monetization Platform (charging, billing, mediation, order management, catalog) replacing a five-vendor legacy BSS; 8m postpaid and 83m prepaid subscribers migrated",in_use,2024,https://www.ericsson.com/en/cases/2025/indosat-ooredoo-hutchison
ID,telecom-bss,PT Indosat Ooredoo Hutchison Tbk (ISAT),"Migration of entire BSS stack to Google Cloud with Ericsson cloud-native OSS/BSS, consolidating all brands on one platform",replacing,2025,https://www.ericsson.com/en/press-releases/2/2025/3/indosat-ooredoo-hutchison-ericsson-and-google-cloud-introduce-cloud-native-business-support-system-aim-to-transform-indonesias-digital-future
ID,telecom-bss,"PT XL Axiata Tbk (now XLSmart Telecom Sejahtera, EXCL)","amdocsONE consumer experience and monetization suite under multi-year managed transformation (postpaid, prepaid, consumer and enterprise fixed)",in_use,2019,https://www.thefastmode.com/technology-solutions/15306-indonesias-xl-axiata-expands-partnerships-with-amdocs-to-upgrade-oss-bss-solutions
ID,telecom-bss,"PT XL Axiata Tbk (now XLSmart Telecom Sejahtera, EXCL)","Qvantel Digital BSS for fixed-line FTTH broadband, live in 150 days incl. legacy data migration",in_use,2019,https://blog.qvantel.com/blog/xl-axiata-goes-live-with-qvantel-digital-bss-for-their-fixed-line-ftth-broadband-services
ID,telecom-bss,"PT Smartfren Telecom Tbk (FREN, merged into XLSmart 2025)","ZTE ZSmart converged BSS/billing and VAS (prepaid and postpaid), Smart Telecom and Mobile-8 migrated 2010",in_use,2010,https://www.zte.com.cn/global/about/magazine/zte-technologies/2012/2/en_587/298062.html
ID,utility-billing-cis,PT PLN (Persero),"AP2T (Aplikasi Pelayanan Pelanggan Terpusat) centralised customer service and billing, integrated with ERP, prepaid electricity, non-bill payments and Contact Center 123; national go-live 14 Dec 2012",in_use,2012,https://www.esdm.go.id/id/media-center/arsip-berita/pln-terapkan-pelayanan-pelanggan-terpadu-untuk-seluruh-indonesia
ID,ehr-hospital,PT Siloam International Hospitals Tbk (SILO),"Group Hospital Information System (HIS Siloam) with built-in ERP across 41 hospitals, plus EMR with BI feed to central data center",in_use,2024,https://emitten-announcement.stockbit.com/attachments/f-31878863-0_AnnualReport2024-SILO-att2.pdf
ID,medical-billing-rcm,PT Siloam International Hospitals Tbk (SILO),"Hospital information systems, EMR, billing platforms and MySiloam app migrated from legacy infrastructure to AWS cloud",in_use,2025,https://www.frontier-enterprise.com/siloam-hospitals-revs-up-digital-transformation-with-aws-cloud
ID,ehr-hospital,PT Mitra Keluarga Karyasehat Tbk (MIKA),"SAP for Healthcare on SAP HANA: patient management, billing, EMR, plus Cerner i.s.h.med; template rollout across group hospitals",in_use,2016,https://insidesap.asia/mitra-keluarga-opts-for-sap-for-healthcare-solutions-to-manage-hospital-network/
ID,ehr-hospital,PT Medikaloka Hermina Tbk (HEAL),"Hinai hospital information system, migrated to AWS Indonesia in 2023 (99.66% uptime reported)",in_use,2023,https://dk4fkkwa4o9l0.cloudfront.net/production/uploads/publication/file_id/108/Hermina_AR2023_Final.pdf
ID,financial-close-gl,PT Medikaloka Hermina Tbk (HEAL),"Oracle Finance ERP (migration handed over May 2023, host-to-host integration)",in_use,2023,https://dk4fkkwa4o9l0.cloudfront.net/production/uploads/publication/file_id/108/Hermina_AR2023_Final.pdf
ID,ehr-hospital,PT Medikaloka Hermina Tbk (HEAL),New SIMRS (hospital management information system) selection assessment reported to Board of Commissioners,planned,2023,https://dk4fkkwa4o9l0.cloudfront.net/production/uploads/publication/file_id/108/Hermina_AR2023_Final.pdf
ID,lab-information,PT Prodia Widyahusada Tbk (PRDA),'Panorama' new advanced Laboratory Information System,replacing,2024,https://d3ftma7dyyzt91.cloudfront.net/2025/04/07/081518/Prodia%20AR%202024.pdf
ID,financial-close-gl,PT Prodia Widyahusada Tbk (PRDA),"ERP system for central, regional and clinic-level finance control and budget monitoring",in_use,2024,https://d3ftma7dyyzt91.cloudfront.net/2025/04/07/081518/Prodia%20AR%202024.pdf
VN,core-banking,BIDV (Bank for Investment and Development of Vietnam),"FIS Profile core banking, which replaced the Silverlake SIBS core in use since 2003. Go-live September 2023, 102 applications integrated.",replaced,2023,https://bidv.com.vn/bidv/tin-tuc/tin-ve-bidv/hanh-trinh-chuyen-doi-bidv-core-banking-va-nhung-dieu-lan-dau-tien-thuc-hien
VN,core-banking,BIDV (Bank for Investment and Development of Vietnam),"Core Banking Profile contract with Fidelity/FIS, 30-month programme. Old Core SIBS ran in parallel during migration (BIDV Review No.97, Sep 2023).",in_use,2023,https://bidv.com.vn/wps/wcm/connect/49af63aa-ca5b-446b-bf0b-ea10b601953c/BIDV+Review+No.97+(Sep+2023).S.pdf?MOD=AJPERES&CACHEID=ROOTWORKSPACE-49af63aa-ca5b-446b-bf0b-ea10b601953c-oJ-ypyd
VN,card-payments-processing,BIDV (Bank for Investment and Development of Vietnam),"OpenWay Way4 core card system, which replaced the Cadencie card platform. Delivered by the FPT-OpenWay JV. 27M customer records migrated.",replaced,2025,https://bidvinfo.com.vn/en/bidv-successfully-converted-to-modern-way4-card-core-system-10012734.html
VN,core-banking,Vietcombank,"New core banking system 'Core Banking Signature', live 27 Jan 2020",in_use,2020,https://portal.vietcombank.com.vn/VCBDigital/2020/vi/10-dau-an/
VN,core-banking,Vietcombank,"VCB Corporate DigiBank, a greenfield cloud-native corporate banking platform built with Virtusa. It replaces legacy corporate account management and payments first, then lending, trade finance and FX. Kickoff 30 Jul 2026.",replacing,2026,https://www.prnewswire.com/apac/news-releases/vietcombank-partners-with-virtusa-to-launch-a-next-generation-corporate-banking-platform-302847082.html
VN,core-banking,VietinBank,"FIS Profile core banking, with TouchPoint, BankFast, Eximbills and Oracle GL. It replaced the legacy core over a 4.5-year programme.",in_use,2017,https://ccaeurope.pl/en/portfolio-en/case-studies-en/case-study-vb-en/
VN,core-banking,Agribank,IPCAS core banking (internal payment and customer accounting system). The bank is reducing transaction load on IPCAS.,in_use,2024,https://www.agribank.com.vn/vn/ve-agribank/tin-tuc/dtl?current=true&urile=wcm%3Apath%3A%2Fagbank%2Fve-agribank%2Ftin-tuc%2Fdang-bo-agribank%2Fagribank-huong-den-muc-tieu-xay-dung-ngan-hang-so-quan-tri-ngan-hang-hien-dai
VN,core-banking,Agribank,New core banking system to replace IPCAS. Registered in the 2023 capital plan and at pre-feasibility stage (Dec 2024).,planned,2024,https://www.agribank.com.vn/vn/ve-agribank/tin-tuc/dtl?current=true&urile=wcm%3Apath%3A%2Fagbank%2Fve-agribank%2Ftin-tuc%2Fdang-bo-agribank%2Fagribank-huong-den-muc-tieu-xay-dung-ngan-hang-so-quan-tri-ngan-hang-hien-dai
VN,card-payments-processing,Agribank,"Compass Plus integrated switch, card issuing and acquiring platform. It replaced disparate legacy card systems.",in_use,n.d.,https://compassplustechnologies.com/static/materials/Insights/customer%20experiences/case%20studies/case_study_agribank.pdf
VN,core-banking,Techcombank,Temenos core upgrade from R18 to R25 (lean-core programme). R18 is seven releases behind.,replacing,2026,https://live.theasianbanker.com/video/can-techcombank-build-a-lighter-core-for-its-next-phase-of-growth
VN,core-banking,VPBank,"Latest Temenos core banking on Red Hat OpenShift, implemented by Systems Limited. 18M+ accounts migrated in a single cutover.",in_use,2025,https://www.temenos.com/press_release/vpbank-modernizes-core-banking-with-temenos-and-systems-limited-on-red-hat-openshift/
VN,card-payments-processing,VPBank,OpenWay Way4 CMS and Way4 Switch (in-house EMV card issuing and acquiring),in_use,2007,https://openwaygroup.com/new-blog/2007/7/27/emv-mastercard-first-for-vietnam-thanks-to-way4
VN,core-banking,MB Bank (Military Commercial Joint Stock Bank),"Temenos Transact (T24), in use since 2005. Upgraded to the Java TAFJ framework, database moved from Oracle 11g to 19c.",in_use,2024,https://live.theasianbanker.com/video/temenos-helps-mb-bank-leapfrog-from-two-to-15-million-tpd
VN,core-banking,Sacombank,Temenos T24 upgraded to R25 on private cloud (Red Hat OpenShift / IBM Power). Upgrade done 30 Apr to 1 May 2026.,in_use,2026,https://www.sacombank.com.vn/en/home/news/sacombank-news/2026/sacombank-successfully-upgrades-to-the-latest-global-core-banking-version-t24-r25.html
VN,core-banking,ACB (Asia Commercial Bank),Core banking upgraded from TCBS (used 14 years) to DNA (Open Solutions/Fiserv),replaced,2014,https://acb.com.vn/acbwebsite/files/nanl3Iyu7GLDIDecmsKdowv68SuRQVCjecin2TQv.pdf
VN,core-banking,VIB (Vietnam International Bank),"Temenos R23 core banking on AWS and private cloud, modernisation project with ITSS",replacing,2024,https://www.vib.com.vn/vn/goc-bao-chi/vib-trien-khai-corebanking-temenos-tren-nen-tang-aws
VN,core-banking,Eximbank,"Infosys Finacle Core Banking, signed 11 Jan 2024 to replace the existing core in phases",replacing,2024,https://eximbank.com.vn/tin-tuc/eximbank-ky-ket-trien-khai-cap-nhat-moi-he-thong-core-banking-voi-infosys
VN,card-payments-processing,Eximbank,"OpenWay Way4 card management system (next-generation CMS, real-time processing)",in_use,2025,https://openwaygroup.com/new-blog/eximbank-vietnam-goes-live-with-the-way4-modern-card-management-system
VN,core-banking,MSB (Maritime Commercial Joint Stock Bank),Temenos T24 core banking. Conversion completed May 2024.,in_use,2024,https://thitruongtaichinhtiente.vn/msb-hoan-thanh-nang-cap-he-thong-ngan-hang-loi-core-banking-moi-59097.html
VN,core-banking,MSB (Maritime Commercial Joint Stock Bank),"Temenos Core, Payments Hub and Data Hub, replacing multiple homegrown and legacy systems",replaced,2024,https://www.temenos.com/success-story/msb-success-story/
VN,core-banking,LPBank (Loc Phat Vietnam Bank),"Temenos Core Banking T24/Transact, replacing the existing system (selected Oct 2023). Live within 7 months, May 2024.",replaced,2024,https://dantri.com.vn/kinh-doanh/lpbank-nhan-giai-thuong-trien-khai-core-banking-nhanh-nhat-chau-a-20240523113712603.htm
VN,core-banking,SeABank,Temenos T24 core upgraded to R22 (TAFJ) in November 2024,in_use,2024,https://tienphong.vn/seabank-nang-cap-thanh-cong-he-thong-ngan-hang-loi-t24-len-r22-post1695516.tpo
VN,card-payments-processing,SeABank,"OpenWay Way4 for card issuing, ATM management, authorisation, clearing and acquiring",in_use,2012,https://openwaygroup.com/new-blog/2012/8/26/seabank-vietnam-attracts-happy-couples-with-way4
VN,core-banking,PVcomBank,"Temenos T24, which replaced two inherited legacy cores (including Western Bank's system) after the merger. Live 20 Feb 2017.",replaced,2017,https://www.pvcombank.com.vn/tin-tuc/tin-pvcombank/pvcombank-cu-dot-pha-mang-ten-core-t24
VN,card-payments-processing,PVcomBank,"BPC SmartVista, which replaced the CTL switch and card management system for credit card launch",replaced,2016,https://thepaypers.com/fintech/news/pvcombank-vietnam-pushes-technological-boundaries-with-smartvista
VN,core-banking,KienlongBank,"Oracle FLEXCUBE core banking, live 24-25 Apr 2023 after conversion",replaced,2023,https://dttc.sggp.org.vn/kienlongbank-van-hanh-chinh-thuc-he-thong-ngan-hang-loi-moi-post104068.html
VN,card-payments-processing,KienlongBank,"BPC SmartVista card management, switching, ATM/POS and fraud suite (agreement Apr 2022)",in_use,2022,https://www.bpcbt.com/en/press/kien-long-bank-agreement-with-bpc-to-digitally-transform-card-system?hs_amp=true
VN,core-banking,Nam A Bank,"Oracle FLEXCUBE Universal Banking 14.8 (with Oracle Consulting and SVTECH), live 3 Jul 2026",in_use,2026,https://vietstock.vn/2026/07/nam-a-bank-chinh-thuc-van-hanh-he-thong-core-banking-moi-va-ra-mat-open-banking-30-757-1462227.htm
VN,core-banking,Vietbank,"Finastra Fusion Banking core ('The Transformer - Vietbank Prime'), live 16 Sep 2019",in_use,2019,https://www.vietbank.com.vn/ve-vietbank/tin-tuc/tin-vietbank/vietbank-dua-vao-van-hanh-he-thong-core-banking-moi
VN,core-banking,VietABank,Oracle FLEXCUBE core upgraded to version 14.5 (agreement Feb 2022),in_use,2022,https://mekongasean.vn/vietabank-nang-cap-he-thong-core-banking-phien-ban-moi-nhat-14287.html
VN,core-banking,Public Bank Vietnam,Oracle FLEXCUBE as the central core banking platform on Oracle infrastructure (Dec 2024),replacing,2024,https://en.vneconomy.vn/public-bank-vietnam-adopts-oracle-flexcube-core-banking-solution.htm
VN,core-banking,HDBank,"Thought Machine Vault Core, under a multi-year collaboration to upgrade core platforms (announced Feb 2022)",replacing,2022,https://www.thoughtmachine.net/press-releases/hd-bank-announces-strategic-collaboration-with-thought-machine-to-transform-banking-in-vietnam
VN,core-banking,OCB (Orient Commercial Bank),"Temenos core banking, with a progressive modular migration to newer Temenos releases. About 10M transactions per day.",in_use,2025,https://www.theasianbanker.com/updates-and-articles/ocb-charts-a-customer-centric-modular-path-in-vietnam-s-digital-and-sustainable-banking-landscape
VN,core-banking,TPBank,"Core banking upgrade of deposit, payment, loan and customer modules, 31 Aug to 1 Sep 2024 (vendor not named)",in_use,2024,https://vnexpress.net/giao-dich-qua-tpbank-bi-nghen-4788247.html
VN,core-banking,State Bank of Vietnam (regulator),"Core banking plus ERP (FSMIMS contract SG3.1, World Bank funded, FPT IS integrator), live 11 Jul 2017",in_use,2017,https://www.vietnamplus.vn/cong-bo-van-hanh-he-thong-core-banking-moi-cua-ngan-hang-nha-nuoc-post455608.vnp
VN,insurance-policy-admin,OPES Digital Insurance,Sapiens IDITSuite 19.1 for P&C plus Sapiens Intelligence on Azure. 6.2M customers migrated.,in_use,2024,https://sapiens.com/newsroom/vietnams-digital-insurer-opes-goes-live-with-sapiens-pc-platform-on-microsoft-azure/
VN,insurance-policy-admin,Bao Minh Insurance,"3i Infotech PREMIA 11 for personal/health and accident insurance: quotation, policy, claims, reinsurance and GL integration",in_use,2019,https://www.baominh.com.vn/bao-minh-ky-ket-hop-dong-su-dung-phan-mem-premia-voi-3i-infortech
VN,insurance-policy-admin,AAA Insurance (Bao hiem AAA),"New core insurance system, live 2 Apr 2026 (vendor not disclosed)",in_use,2026,https://www.aaa.com.vn/khong-chay-dua-cong-nghe-bao-hiem-aaa-dat-core-lam-trai-tim-trong-chien-luoc-du-lieu
VN,insurance-policy-admin,MIC (Military Insurance Corporation),"Self-developed core insurance system covering issuance, reinsurance, assessment, claims and renewal",in_use,2025,https://vietnambiz.vn/mic-bao-hiem-so-dan-dau-xu-the-kien-tao-he-sinh-thai-so-toan-dien-2025624162845509.htm
VN,insurance-claims,Bao Viet Insurance (Bao Viet Holdings),"E-Claim system for marine and property/technical claims, plus an electronic accounting portal",in_use,2026,https://dantri.com.vn/kinh-doanh/bao-hiem-bao-viet-nhan-2-giai-thuong-quoc-te-ve-doi-moi-quan-tri-20260904170318660.htm
VN,insurance-claims,Vietnam Social Security (BHXH Viet Nam),"In-house health insurance claims assessment information system (reception portal, rule-based assessment, monitoring). 176.5M e-claims in 2018.",in_use,2019,https://baohiemxahoi.gov.vn/tintuc/Pages/linh-vuc-bao-hiem-y-te.aspx?CateID=0&ItemID=13546
VN,ehr-hospital,Hoan My Medical Group,"FPT.eHospital 2.0 HIS plus FPT.EMR on FPT Cloud, across 14 hospitals and 8 clinics (VND 100bn, 28-month rollout)",in_use,2020,https://congnghevadoisong.vn/fpt-va-y-khoa-hoan-my-hop-tac-phat-trien-mo-hinh-benh-vien-thong-minh-d33500.html
VN,ehr-hospital,Bach Mai Hospital,"Single integrated in-house HIS covering clinical, admin, HR and finance",in_use,2025,https://baochinhphu.vn/benh-vien-bach-mai-vi-the-tien-phong-trong-cuoc-cach-mang-chuyen-doi-so-nganh-y-te-102250904210754375.htm
VN,ehr-hospital,Huu Nghi (Friendship) Hospital,"FPT EMR (electronic medical record), accepted 19 Sep 2025",in_use,2025,https://chungta.vn/cong-nghe/fpt-trien-khai-benh-an-dien-tu-cho-hon-70-benh-vien-tren-toan-quoc-trong-6-thang-1140353.html
VN,ehr-hospital,Ho Chi Minh City Oncology Hospital,FPT EMR (electronic medical record),in_use,2025,https://chungta.vn/cong-nghe/fpt-trien-khai-benh-an-dien-tu-cho-hon-70-benh-vien-tren-toan-quoc-trong-6-thang-1140353.html
VN,ehr-hospital,Ho Chi Minh City ENT Hospital,"FPT EMR integrated across emergency, outpatient, OR and wards",in_use,2025,https://chungta.vn/cong-nghe/fpt-trien-khai-benh-an-dien-tu-cho-hon-70-benh-vien-tren-toan-quoc-trong-6-thang-1140353.html
VN,ehr-hospital,Tam Anh General Hospital (HCMC),"Integrated EMR with voice-to-text orders, MoH-approved Oct 2024 (vendor not disclosed)",in_use,2024,https://tuoitre.vn/tphcm-benh-vien-tu-nhan-ap-dung-benh-an-dien-tu-tich-hop-20241023081235277.htm
VN,telecom-bss,Viettel,"In-house BCCS (Billing and Customer Care System), upgraded from BCCS 1.0 to 3.0 for about 50M subscribers",in_use,2016,https://biplus.com.vn/case-study/viettel-billing-customer-care-system
VN,telecom-bss,Viettel,In-house vOCS 3.0 online charging system. It replaced foreign-vendor charging (Amdocs/Ericsson/Huawei-class). 90M subscribers migrated by Jun 2017.,replaced,2017,https://hanoimoi.vn/nhung-nguoi-lam-nen-trai-tim-cua-nha-mang-518786.html
VN,telecom-bss,VNPT / VinaPhone,"OneBSS, VNPT's in-house sales, subscriber and service management BSS (fiber, MyTV, mobile)",in_use,n.d.,https://camnang.vnptdienbien.vn/tags/onebss
VN,utility-billing-cis,EVN (Vietnam Electricity),"CMIS 3.0 customer management and billing system built by EVNICT. Piloted Nov 2017, group-wide Apr 2018.",in_use,2018,https://evn.com.vn/d6/news/Phan-mem-CMIS-30-Cong-nghe-hien-dai-trong-kinh-doanh-va-dich-vu-khach-hang-nganh-Dien-6-14-21428.aspx
VN,utility-billing-cis,EVNSPC (Southern Power Corporation),"CMIS 4.0 with EVNHES 2.0. 60% of service requests auto-processed. Also runs ERP, HRMS and PMIS.",in_use,2025,https://dttc.sggp.org.vn/evnspc-chuyen-doi-so-nang-cao-hieu-qua-san-xuat-kinh-doanh-post127118.html
VN,financial-close-gl,EVN (Vietnam Electricity),"Oracle E-Business Suite ERP (FMIS/MMIS): finance, accounting, materials, procurement and consolidation. Rolled out to all tier-3 units 2016-2017.",in_use,2017,https://evn.com.vn/d6/news/EVNICT-Nhung-kinh-nghiem-tu-trien-khai-he-thong-ERP-trong-EVN-0-8-21259.aspx
VN,utility-billing-cis,SAWACO (Saigon Water Corporation),"New Core Billing System in testing (2025-2026), alongside a GIS platform and SWOC operations centre",replacing,2026,https://baophapluat.vn/lay-du-lieu-lam-trung-tam-sawaco-dinh-hinh-he-sinh-thai-cong-nghe-nganh-nuoc.html
VN,field-service-maintenance,HAWACOM (Hanoi Water Limited Company),"CITYWORK.VN GIS-based water network asset, operations and maintenance management by eK, with customer management subsystem",in_use,2017,https://citywork.vn/hawacom-doi-moi-cong-nghe-cho-cong-trinh-mang-tam-the-ky/
VN,erp-distribution,PV GAS (PetroVietnam Gas),"SAP S/4HANA ERP Phase 1 with NGS. Kickoff 15 May 2024, go-live targeted early Nov 2025.",replacing,2024,https://petrovietnam.petrotimes.vn/pv-gas-trien-khai-he-thong-quan-tri-nguon-luc-doanh-nghiep-erp-giai-doan-1-711224.html
VN,financial-close-gl,PV Power (PetroVietnam Power),"Enterprise ERP for power generation, market participation and plant management. RFI issued Feb 2022, 8-month rollout across HQ and 5 units planned.",planned,2022,https://pvpower.vn/vi/post/moi-quan-tam-gioi-thieu-cung-cap-giai-phap-phan-mem-quan-tri-doanh-nghiep-erp-cho-pv-power-4638.htm
VN,erp-distribution,Petrolimex,"SAP ERP (purchasing, sales, warehouse/tank, financial and management accounting) via FPT IS. Group-wide go-live by 1 Jan 2013.",in_use,2013,https://www.petrolimex.com.vn/nd/thong-cao-bao-chi/petrolimex-tap-doan-dau-tien-tai-viet-nam-ung-dung-thanh-cong-erp-trong-kinh-doanh-xang-dau.html
MY,core-banking,AFFIN Bank Berhad (AFFIN Group),"Silverlake MÖBIUS open banking / core platform on Microsoft Azure (PaaS), replacing an on-premises traditional core banking system via hybrid phased migration",replaced,2025,https://www.microsoft.com/en/customers/story/24630-affin-group-azure
MY,core-banking,CIMB Group Holdings,Forward30 plan to modernise core banking technology: 'hollowing the core with micro-services' on top of the existing core platform,planned,2024,https://www.cimb.com/content/dam/cimb/group/documents/investor-relations/annual-reports/2024/cimb-integrated-report-2024.pdf
MY,core-banking,AmBank Group (AMMB Holdings),"AmBanCS, the Group's new core banking system (went live; listed in group milestones)",in_use,2013,https://www.ambankgroup.com/docs/ambankgrouplibraries/investors-docs/annual-report/fy2025/documents/AmBank-Integrated-Annual-Report-2025.pdf
MY,capital-markets-trading-clearing,RHB Bank Berhad,Murex treasury system (patch upgrade; hedge accounting module expanded to liabilities),in_use,2023,https://www.rhbgroup.com/-/media/Assets/Corporate-Website/Document/Annual-Reports/RHB-Bank-Berhad/RHB-Bank-IR-2023.pdf
MY,capital-markets-trading-clearing,Hong Leong Bank Berhad,"Murex treasury system refresh initiated to support equities, commodities and structured products",replacing,2025,https://www.hlb.com.my/content/dam/hlb/my/docs/pdf/About-Us/Investor-Relations/agm/2025/annual-report/hlb-annual-report-2025.pdf
MY,loan-origination-servicing,Hong Leong Bank Berhad,"Credit Origination System upgrade (loans, credit cards, mortgages, hire purchase)",replacing,2025,https://www.hlb.com.my/content/dam/hlb/my/docs/pdf/About-Us/Investor-Relations/agm/2025/annual-report/hlb-annual-report-2025.pdf
MY,core-banking,Hong Leong Bank Berhad,Strategic cooperation with WeBank Technology Services to equip core operations with next-generation banking architecture (early stage),planned,2025,https://www.hlb.com.my/content/dam/hlb/my/docs/pdf/About-Us/Investor-Relations/agm/2025/annual-report/hlb-annual-report-2025.pdf
MY,payroll-hr,Hong Leong Bank Berhad,Workday cloud HR (all HR processes end-to-end on Workday since FY2020),in_use,2020,https://www.hlb.com.my/content/dam/hlb/my/docs/pdf/About-Us/Investor-Relations/agm/2024/annual-report/hlb-annual-report-2024.pdf
MY,loan-origination-servicing,Alliance Bank Malaysia Berhad,Revamped loan origination system (Acceler8 transformation),replaced,2025,https://www.alliancebank.com.my/Alliance/media/ABMB/IR-AnnualReports/2025/ar2025_full-report.pdf
MY,financial-close-gl,Alliance Bank Malaysia Berhad,SAP Enterprise Financial Performance Management system upgrade (approved by Group ITC),replacing,2026,https://www.alliancebank.com.my/Alliance/media/ABMB/IR-AnnualReports/2026/ar2026_full-report.pdf
MY,trade-finance,Alliance Bank Malaysia Berhad,"Trade spring (TradeSpring) trade finance system, enhanced for SST",in_use,2026,https://www.alliancebank.com.my/Alliance/media/ABMB/IR-AnnualReports/2026/ar2026_full-report.pdf
MY,mainframe-cobol-general,Alliance Bank Malaysia Berhad,IBM i770 midrange platform technology refresh (core system infrastructure) plus SOA middleware refresh,in_use,2026,https://www.alliancebank.com.my/Alliance/media/ABMB/IR-AnnualReports/2026/ar2026_full-report.pdf
MY,capital-markets-trading-clearing,Public Bank Berhad,New treasury management system with multi-platform straight-through processing integrations,replaced,2024,https://www.publicbankgroup.com/media/ifcnvr10/ar-2024.pdf
MY,core-banking,Bank Islam Malaysia Berhad,"CODE S+ and Phase 2 IT Blueprint: systematic modernisation of core infrastructure, legacy applications migrating to cloud, next-gen core banking via CDX",replacing,2024,https://www.insage.com.my/BursaNews/Attachment/202504/20250408/BIMB-AN20250408A1-2.pdf
MY,loan-origination-servicing,Bank Islam Malaysia Berhad,New credit origination system / platform investment (alongside eBanker Pro cash management and REVEX supply chain financing),replacing,2024,https://www.insage.com.my/BursaNews/Attachment/202504/20250408/BIMB-AN20250408A1-2.pdf
MY,core-banking,Bank Islam Malaysia Berhad (Be U digital bank),Mambu Digital Core on AWS powering Be U cloud-native digital bank,in_use,2022,https://www.bankislam.com/wp-content/uploads/Media-Release-Bank-Islam-Launches-Malaysias-First-Cloud-Native-Digital-Bank-Be-U.pdf
MY,core-banking,Bank Islam Malaysia Berhad,Temenos T24 (on IBM P-Series/Oracle) replacing a Silverlake core banking platform and i-Flex internet banking,replaced,2008,https://thepaypers.com/fintech/news/bank-islam-malaysia-berhad-chooses-temenos-t24-for-sharia-compliant-banking
MY,core-banking,KAF Digital Bank Berhad,"Temenos SaaS (core and digital banking, payments, Temenos Data Hub) on Microsoft Azure",in_use,2025,https://www.temenos.com/press_release/kaf-digital-bank-goes-live-on-temenos-saas-to-elevate-islamic-digital-banking-in-malaysia/
MY,core-banking,Bank Simpanan Nasional (BSN),RM100m core banking replacement programme (HeiTech Padu prime contractor with BML Istisharat ICBS and Juris Technologies),replaced,2012,https://juristech.net/bsn-to-embark-on-rm100mil-core-banking-replacement-programme/
MY,loan-origination-servicing,Bank Simpanan Nasional (BSN),Loans origination and collections systems replaced as part of core banking replacement (Juris Technologies),replaced,2012,https://juristech.net/bsn-to-embark-on-rm100mil-core-banking-replacement-programme/
MY,core-banking,MBSB Bank Berhad,Silverlake Axis Integrated Islamic Banking Solution (SIIBS) core banking,replaced,2018,https://www.retailbankerinternational.com/news/silverlake-install-core-banking-solution-malaysian-bank/
MY,core-banking,Agrobank (Bank Pertanian Malaysia Berhad),Silverlake SIBS core banking technology refresh: core hardware/software upgrade plus Branch Delivery and Collection modules,in_use,2019,https://links.sgx.com/1.0.0/corporate-announcements/PN92PAKXVI22I15R/575846_SAL-Ann-Core_Banking_Upgrade_and_Enhancement-Contracts.pdf
MY,trade-finance,Agrobank (Bank Pertanian Malaysia Berhad),Silverlake SIBS Trade Finance module upgrade (part of technology refresh contract),in_use,2019,https://links.sgx.com/1.0.0/corporate-announcements/PN92PAKXVI22I15R/575846_SAL-Ann-Core_Banking_Upgrade_and_Enhancement-Contracts.pdf
MY,insurance-policy-admin,Syarikat Takaful Malaysia Keluarga Berhad,"CSC (DXC) Takaful Integral Group and Integral P&C Takaful core takaful system on IBM Power, migrated off IBM Db2 for i",in_use,undated,https://www.precisely.com/resource-center/customerstories/syarikat-takaful-malaysia-berhad/
MY,insurance-policy-admin,Syarikat Takaful Malaysia Keluarga Berhad,System migration of selected products off a legacy core system; core systems enhancement,replacing,2020,https://cdn1.i3investor.com/my/files/st88k/6139_TAKAFUL/annual/2020-12-31/6139_TAKAFUL_AnnualReport_2020-12-31_AR2020_Part1of2_-865522152.pdf
MY,insurance-policy-admin,Tune Protect Malaysia (Tune Insurance Malaysia Berhad),"SAP insurance core (SAP S/4HANA Insurance) hosted on cloud, with Serole Technologies and Huawei, replacing legacy general insurance core system",replaced,2022,https://www.tuneprotect.com/my/2023/06/tune-protect-malaysia-leads-the-way-in-digitalisation-with-first-of-its-kind-insurance-core-system/
MY,insurance-policy-admin,Tune Protect Group Berhad,"Core system replacement project, SAP insurance core on cloud went live Q4 2022 (annual report confirmation)",replaced,2023,https://www.insage.com.my/BursaNews/Attachment/202404/20240430/TUNEPRO-AN20240430A2-1.pdf
MY,insurance-claims,Lonpac Insurance Bhd (LPI Capital),Integration of Lonpac core system with Merimen Online claims platform; ISM-Fraud Intelligence System 2.0,in_use,2023,https://www.lpicapital.com/downloads/annualreport2023.pdf
MY,insurance-claims,Lonpac Insurance Bhd (LPI Capital),New claims management integration system (short-term plan),planned,2023,https://www.lpicapital.com/downloads/annualreport2023.pdf
MY,insurance-claims,Zurich Malaysia,Claims Automation system auto-detecting and registering eligible claims (notification time cut from 3 months to 2 weeks),in_use,2025,https://www.zurich.com.my/about-zurich/zurich-in-the-news/2025/2025-04-25
MY,utility-billing-cis,Tenaga Nasional Berhad (TNB),Billing Customer Relationship Management (BCRM) system,in_use,2024,https://www.tnb.com.my/assets/annual_report/TNB_IAR_2024.pdf
MY,erp-distribution,Tenaga Nasional Berhad (TNB),Enterprise Resource Management System (ERMS),in_use,2024,https://www.tnb.com.my/assets/annual_report/TNB_IAR_2024.pdf
MY,payroll-hr,Tenaga Nasional Berhad (TNB),Enterprise Human Resources Management System (EHRMS) and Employee Self Service,in_use,2024,https://www.tnb.com.my/assets/annual_report/TNB_IAR_2024.pdf
MY,erp-distribution,Sarawak Energy Berhad,SAP ERP ECC 6.0 (on-prem) and SAP S/4HANA moved from SAP HEC to AWS; consolidation toward S/4HANA,replacing,2022,https://lemongrasscloud.com/case-studies/sarawak-energy/
MY,procurement-ap,Pengurusan Air Selangor Sdn Bhd,"i-Tender e-procurement platform, with integration of procurement systems ongoing",in_use,2024,https://content.airselangor.com/cmi-prod-blobstorageanon-001-sea/media/o4wnyn50/air-selangor-sustainability-report-2024-03062025-compressed.pdf
MY,telecom-bss,Telekom Malaysia Berhad (TM),"Business Support System (BSS) modernisation into a modular, API-driven platform (board-monitored critical project)",replacing,2024,https://tm.com.my/sites/default/files/2025-05/TM_IAR24.pdf
MY,telecom-bss,CelcomDigi Berhad,Replacement of Business Support System (BSS) under 3-year IT integration of legacy Celcom and Digi stacks,replacing,2023,https://djsp1avzs99jk.cloudfront.net/wp-content/uploads/2024/04/Integrated-Annual-Report-2023.pdf
MY,telecom-bss,CelcomDigi Berhad,Harmonised billing and CRM systems: phase one done in 2024; final IT consolidation of core billing and CRM targeted for H2 2027,replacing,2027,https://corporate.celcomdigi.com/news/celcomdigi-delivers-resilient-q2-fy2026-performance-with-service-revenue-growth-and-strong-operational-efficiencies
MY,payroll-hr,CelcomDigi Berhad,Integrated single HR platform (post-merger harmonisation),replacing,2023,https://djsp1avzs99jk.cloudfront.net/wp-content/uploads/2024/04/Integrated-Annual-Report-2023.pdf
MY,telecom-bss,U Mobile Sdn Bhd,"Whale Cloud cloud-native BSS replacing legacy CRM and billing (all customers migrated, 2.5-year programme)",replaced,2022,https://online.iwhalecloud.com/news/detail/whale-cloud-completes-migration-umobile-customers-cloud-bss
MY,erp-distribution,Maxis Berhad,Transition to SAP S/4HANA completed,replaced,2024,https://www.insage.com.my/ir/cmn/downloading.aspx?sFileName=26236000069140&sReportType=AR&sCompanyCode=MAXIS
MY,procurement-ap,Maxis Berhad,"E-sourcing digital platform with e-ticketing and digital contracting, integrated with Maxis ERP",in_use,2024,https://www.insage.com.my/ir/cmn/downloading.aspx?sFileName=26236000069140&sReportType=AR&sCompanyCode=MAXIS
MY,ehr-hospital,KPJ Healthcare Berhad,"Next-generation Hospital Information System (nHIS) pilot at 3 hospitals, RM14.7m award to Sancy Bhd, 18 months incl. data migration",replacing,2025,https://www.thestar.com.my/business/business-news/2025/11/24/sancy-secures-rm147mil-kpj-hospital-system-project
MY,ehr-hospital,Ministry of Health Malaysia (public hospitals and clinics),"Subscription-based off-the-shelf cloud HIS/EMR rollout; only 14% of hospitals have EMR today, all facilities targeted by 2028",replacing,2025,https://codeblue.galencentre.org/2025/02/moh-to-deploy-off-the-shelf-cloud-emr-systems-across-public-health-facilities/
MY,airline-pss,Malaysia Airlines Berhad (Malaysia Aviation Group),"Amadeus Altéa Passenger Service System (contract renewed, plus Altéa NDC and Dynamic Intelligence Hub)",in_use,2022,https://amadeus.com/en/newsroom/press-releases/malaysia-airlines-expands-technology-and-distribution-contract-with-amadeus
MY,port-terminal-operating-system,Westports Holdings Berhad,CyberLogitec OPUS Container Terminal Operating System,in_use,2018,https://westportsholdings.com/wp-content/uploads/files/WESTPORTS_ANNUAL_REPORT_2018-COLOUR.pdf
MY,port-terminal-operating-system,Northport (Malaysia) Bhd (MMC Ports),"Kaleris Navis N4 terminal operating system, turnkey with workforce management, implementation from January 2024",replacing,2024,https://www.mmcports.com.my/northport-partners-with-kaleris-to-implement-new-terminal-operating-system-2/
MY,erp-manufacturing,FGV Holdings Berhad,SAP S/4HANA implementation (sourcing stage) with operational data migration to cloud in phases,replacing,2024,https://www.insage.com.my/BursaNews/Attachment/202504/20250430/FGV-AN20250430A1-1.pdf
TH,core-banking,Kasikornbank (KBank),"FIS core banking on IBM System z mainframe (K-Transformation go-live July 2015, about THB 30bn program)",in_use,2015,https://www.blognone.com/node/72423
TH,mainframe-cobol-general,Kasikornbank (KBank),"Safeii legacy COBOL core banking system (about 30 years in service, out of vendor support)",replaced,2015,https://www.blognone.com/node/72423
TH,core-banking,Kasikornbank (KBank) / KBTG,"Horizontal Core Banking: a second core added beside the existing one (THB 4.5bn, 22 months, 183 linked systems, capacity 60M accounts to 2031)",in_use,2024,https://www.thestorythailand.com/en/05/02/2025/147624/
TH,core-banking,Siam Commercial Bank (SCB),"Sunline core banking platform for deposits and loans (4-year build, first core revamp in over a decade)",replacing,2024,https://www.scb.co.th/en/about-us/news/jul-2024/scb-x-sunline-core-banking
TH,mainframe-cobol-general,Siam Commercial Bank (SCB),"Core banking applications on IBM zSystems mainframe, exposed through IBM z/OS Connect REST APIs",in_use,2022,https://www.itnews.asia/news/siam-commercial-bank-modernises-its-mainframe-581014
TH,core-banking,Bank of Ayudhya (Krungsri),"Mainframe-based core banking environment, moving to Kyndryl Mainframe-as-a-Service with app modernization (5-year renewal)",in_use,2026,https://www.thestorythailand.com/en/krungsri-kyndryl-5-years/
TH,mainframe-cobol-general,Bank of Ayudhya (Krungsri),"IBM mainframe z14 plus storage, servers and ATMs under a USD 140M IBM managed services deal",in_use,2018,https://www.prnewswire.com/news-releases/a-leading-thai-bank-krungsri-extends-usd140m-ibm-services-relationship-as-part-of-its-digital-transformation-roadmap-300687032.html
TH,core-banking,Krungsri (Bank of Ayudhya),Core banking modernization program with Kyndryl Bridge and agentic AI on Mainframe-as-a-Service,replacing,2026,https://www.cioworldbusiness.com/krungsri-launches-major-core-banking-overhaul-integrating-agentic-ai-automation-to-revamp-back-end-systems-under-5-year-plan/
TH,core-banking,Krungthai Bank,IBM-supported core business IT (30+ years); modernization through the IBM Digital Talent for Business joint venture,in_use,2023,https://asean.newsroom.ibm.com/Krungthai-Bank-and-IBM-establish-joint-venture
TH,core-banking,Government Savings Bank (GSB),Single real-time core banking system for 60 million accounts on the YottaDB database (application vendor not named),in_use,undated,https://yottadb.com/resources/success-stories/government-savings-bank/
TH,cooperative-rural-microfinance-banking,Bank for Agriculture and Agricultural Co-operatives (BAAC),FIS Profile real-time core banking (29 million accounts converted),in_use,2013,https://www.yahoo.com/entertainment/2013-02-28-bank-for-agriculture-and-agricultural-co-operative.html
TH,cooperative-rural-microfinance-banking,Bank for Agriculture and Agricultural Co-operatives (BAAC),TEMENOS CoreBanking bought in 2004 for THB 1.2bn with IBM (superseded by the FIS Profile conversion),replaced,2004,https://www.globalcustodian.com/agricultural-bank-in-thailand-buys-temenos-technology/
TH,core-banking,Government Housing Bank (GH Bank),GHB System core banking upgrade (went live 2025),in_use,2025,https://www.nationthailand.com/pr-news/40059486
TH,core-banking,Government Housing Bank (GH Bank),Infosys core banking (incumbent contract ending mid-2017); THB 2bn re-procurement of a new core,replacing,2016,https://www.naewna.com/business/222813
TH,core-banking,Export-Import Bank of Thailand (EXIM Thailand),"Silverlake Axis / SSI Consortium (with ICN) core banking for deposits, loans and API gateway",replacing,2023,https://www.exim.go.th/en/Newsroom/newsactivities/EXIM-BANK-%E0%B8%9C%E0%B8%99%E0%B8%81%E0%B8%81%E0%B8%B3%E0%B8%A5%E0%B8%87%E0%B8%81%E0%B8%9A%E0%B8%81%E0%B8%A5%E0%B8%A1-SSI-Consortium-%E0%B8%9E%E0%B8%92%E0%B8%99%E0%B8%B2%E0%B8%A3%E0%B8%B0%E0%B8%9A%E0%B8%9A-Cor.aspx
TH,core-banking,CIMB Thai Bank,CIMB 1Platform regional core banking on Silverlake Axis / IBM Power Systems (rolled out in Thailand first),in_use,2013,https://silverlakeaxis.com/img/pdf/CaseStudy%20for%20CIMB%20and%20OCBC_Tale%20of%20Two%20Super-Regional%20Banks.PDF
TH,core-banking,UOB Thailand,UOB Thailand core platform; Citibank Thailand consumer customers migrated (92%) for up to 30% unit-cost savings,in_use,2025,https://www.theasianbanker.com/updates-and-articles/uob-thailand-sharpens-retail-banking-focus-after-citibank-integration
TH,core-banking,TISCO Bank,Newly implemented core deposit system (tellers retrained on it),in_use,2019,https://www.tisco.co.th/wp-content/uploads/2019-group-annual-report-en.pdf
TH,core-banking,Bangkok Bank (New York Branch),"Misys EQUATION, plus an in-house Head Office system for risk, financial and regulatory reporting (FDIC/FRB resolution plan)",in_use,2016,https://www.fdic.gov/system/files/2024-07/bangkok-165-1612.pdf
TH,card-payments-processing,Bangkok Bank,"FIS Unified Payments Platform joining all merchant acquiring platforms and channels, replacing legacy payment systems",in_use,2021,https://www.theasianbanker.com/updates-and-articles/bangkok-bank-and-fis-win-award-through-integration-of-acquiring-platforms-and-channels-for-operational-efficiency
TH,card-payments-processing,Krungthai Card (KTC),"AS400 core credit card system (implemented 2015), connected through custom adapters to a Mendix contact-center layer",in_use,2015,https://www.mendix.com/customer-stories/improving-and-automating-customer-experience-with-ktc-thailand/
TH,card-payments-processing,Krungthai Card (KTC),Card Issuing System and Acquiring System on DB2 (loyalty system moved to Huawei Cloud under a cloud-first strategy),in_use,2023,https://www.huaweicloud.com/intl/en-us/about/takeacloudleap2024/krungthai-card-ktc.html
TH,loan-origination-servicing,Krungthai Card (KTC),"GBG Instinct application fraud screening in credit card, personal loan and auto loan origination channels (upgraded 2024-25)",in_use,2019,https://www.gbg.com/en-us/our-customers/ktc/
TH,loan-origination-servicing,AEON Thana Sinsap (Thailand),"New loan origination system with AND Solutions mindox document AI and credit scoring, integrated with existing core",planned,2024,https://and.global/and-solutions-to-provide-software-solutions-to-aeon-thana-sinsap-to-streamline-loan-applications/
TH,wealth-portfolio-accounting,Kiatnakin Phatra Securities,Temenos Wealth (consolidated advisory front office across investment products),planned,2023,https://www.temenos.com/press_release/thailands-kiatnakin-phatra-securities-selects-temenos-to-advance-its-wealth-management-platform/
TH,capital-markets-trading-clearing,Government Pension Fund (GPF) Thailand,"Charles River IMS for front and middle office order management, portfolio construction and compliance",planned,2023,https://www.crd.com/press-releases/2023/thailands-government-pension-fund-selects-charles-river
TH,insurance-policy-admin,Bangkok Insurance (BKI),"Sapiens IDITSuite P&C policy and billing, plus Sapiens ReinsuranceMaster and Intelligence (6.5M parties migrated)",in_use,2024,https://sapiens.com/newsroom/bangkok-insurance-public-company-limited-goes-live-with-sapiens-end-to-end-pc-platform/
TH,insurance-claims,Bangkok Insurance (BKI),Sapiens IDITSuite claims processing,in_use,2024,https://sapiens.com/newsroom/bangkok-insurance-public-company-limited-goes-live-with-sapiens-end-to-end-pc-platform/
TH,insurance-policy-admin,Bangkok Insurance (BKI),Legacy core monolithic insurance application,replaced,2024,https://sapiens.com/newsroom/bangkok-insurance-public-company-limited-goes-live-with-sapiens-end-to-end-pc-platform/
TH,insurance-policy-admin,Dhipaya Insurance (TIP),"Sinosoft cloud-native core insurance system on Huawei Cloud Stack and GaussDB, integrated by DataOne Asia (22 months, 5 phases)",replacing,2026,https://www.techhub.in.th/dhipaya-collaborates-with-huawei-and-dataone-asia-core-insurance-system/
TH,insurance-claims,Dhipaya Insurance (TIP),Claims processing in the new Sinosoft/Huawei core insurance platform,replacing,2026,https://www.techhub.in.th/dhipaya-collaborates-with-huawei-and-dataone-asia-core-insurance-system/
TH,insurance-policy-admin,Bangkok Life Assurance (BLA),In-house core insurance system (built by its own Core Insurance System Development Department and Claim/Group Life System Development Department),in_use,2024,https://www.bangkoklife.com/sustainability/source/content/files/56-1_One_Report_2024.pdf
TH,ehr-hospital,Bumrungrad International Hospital,"InterSystems TrakCare EMR (patient administration, emergency, maternity, surgery, radiology, pharmacy) with HealthShare",in_use,2018,https://www.intersystems.com/news/bumrungrad-international-hospital-implements-intersystems-trakcare-with-early-benefits-to-patient-satisfaction-safety-and-efficiency/
TH,lab-information,Bumrungrad International Hospital,InterSystems TrakCare Lab Enterprise,in_use,2018,https://www.intersystems.com/news/bumrungrad-international-hospital-implements-intersystems-trakcare-with-early-benefits-to-patient-satisfaction-safety-and-efficiency/
TH,financial-close-gl,Bumrungrad International Hospital,"SAP S/4HANA (accounting and finance), moved to Microsoft Azure",in_use,2023,https://www.microsoft.com/en/customers/story/1749561853817367271-bumrungrad-international-hospital-azure-migrate-health-provider-en-thailand
TH,ehr-hospital,Bangkok Dusit Medical Services (Bangkok Medical Center),InterSystems TrakCare electronic patient record across the 4-hospital campus,in_use,undated,https://www.intersystems.com/success-stories/trakcare-supports-rapid-growth-at-bangkok-dusit-medical-services/
TH,lab-information,Bangkok Dusit Medical Services (Bangkok Medical Center / Bangkok Heart Center),TrakCare Lab module with point-of-care device interfaces,in_use,undated,https://www.intersystems.com/success-stories/trakcare-supports-rapid-growth-at-bangkok-dusit-medical-services/
TH,ehr-hospital,BNH Hospital (BDMS / Samitivej group),InterSystems TrakCare EMR (100% clinician adoption),in_use,2025,https://www.manilatimes.net/2025/02/19/tmt-newswire/pr-newswire/bnh-hospital-goes-100-paperless-with-intersystems-trakcare-emr-system/2057855
TH,ehr-hospital,BNH Hospital (BDMS / Samitivej group),"Previous EMR system (70% clinician adoption, vendor not named)",replaced,2025,https://www.manilatimes.net/2025/02/19/tmt-newswire/pr-newswire/bnh-hospital-goes-100-paperless-with-intersystems-trakcare-emr-system/2057855
TH,ehr-hospital,Samitivej Hospital group (BDMS),InterSystems TrakCare standardized across 7 hospitals (4 moved off other EMRs),in_use,2025,https://www.manilatimes.net/2025/02/19/tmt-newswire/pr-newswire/bnh-hospital-goes-100-paperless-with-intersystems-trakcare-emr-system/2057855
TH,ehr-hospital,Ramkhamhaeng Hospital Group,"Self-developed Hospital Information System in use for over 10 years, with patient records shared across affiliate hospitals",in_use,undated,https://investor.ram-hosp.co.th/en/company-information/nature-of-business
TH,ehr-hospital,"Thai public hospitals (81 surveyed, mostly Ministry of Public Health)",HOSxP by Bangkok Medical Software (67%); HoMC by Info-d Software (11%),in_use,2022,https://pmc.ncbi.nlm.nih.gov/articles/PMC11925457
TH,lab-information,"Thai public hospitals (81 surveyed, mostly Ministry of Public Health)",MLAB laboratory information system (75%); LAB PLUS and ALLABIS-M (4% each),in_use,2022,https://pmc.ncbi.nlm.nih.gov/articles/PMC11925457
TH,ehr-hospital,Banglamung Hospital (and 35 BMS-HOSxP pilot hospitals),BMS-HOSxP / HOSxP XE hospital information system,in_use,2024,https://news.microsoft.com/source/asia/features/bangkok-medical-software-utilizes-presscribeai-by-looloo-health-to-enhance-healthcare-services-across-35-hospitals-in-thailand/
TH,financial-close-gl,Provincial Electricity Authority (PEA),"PEA ERP on SAP (FI-GL, FI-AP, FI-AR, FI-AM, CO, HR, PS, PM, SD and other modules), used enterprise-wide since 2011",in_use,2021,https://www.pea.co.th/sites/default/files/annual-report/2024/PEA_EN_Annual_2021.pdf
TH,construction-project-accounting,Provincial Electricity Authority (PEA),"Capital Project Management (CPM) software for estimating, project control and cost accounting (in testing, full rollout targeted 2022)",planned,2021,https://www.pea.co.th/sites/default/files/annual-report/2024/PEA_EN_Annual_2021.pdf
TH,utility-billing-cis,Provincial Waterworks Authority (PWA),"Customer Information System (CIS) for billing and customer records, rolled out to branches",in_use,2013,https://www.pwa.co.th/news/view/27230
TH,utility-billing-cis,Provincial Waterworks Authority (PWA),Legacy branch 'Billing' system,replaced,2013,https://www.pwa.co.th/news/view/27230
TH,telecom-bss,Advanced Info Service (AIS),"Netcracker Revenue Management (Customer Billing Management, Converged Rating and Charging) to consolidate billing",replacing,2024,https://developingtelecoms.com/telecom-business/operator-news/16044-ais-taps-netcracker-for-upgrade.html
TH,financial-close-gl,Advanced Info Service (AIS),"RISE with SAP S/4HANA (finance, spend, materials, wholesale and retail) replacing fragmented systems, live June 2025",in_use,2025,https://news.sap.com/sea/2025/07/ais-builds-intelligent-digital-core-with-rise-with-sap-to-drive-growth-and-efficiency/
TH,telecom-bss,True Corporation,"Amdocs convergent billing (5-year extension, plus enterprise billing project)",in_use,2013,https://passionateaboutoss.com/true-corporation-extends-with-amdocs/
TH,financial-close-gl,PTT Exploration and Production (PTTEP),"SAP ECC (FI, CO, MM, JVA, PM, PS, AM, BW); Yadana JV data carve-out with SNP",in_use,2023,https://www.snpgroup.com/en/resources/customer-stories/pttep/
PH,core-banking,BDO Unibank,"Fiserv Signature core account processing (upgraded; with Fiserv Teller front-end and Communicator, managed services)",in_use,2016,https://www.financemagnates.com/institutional-forex/technology/bdo-unibank-upgrades-core-banking-systems-with-fiserv-solutions/
PH,core-banking,Philippine Bank of Communications (PBCOM),"Temenos Transact core banking SaaS (cloud-hosted, BSP-approved)",in_use,2021,https://www.temenos.com/press_release/philippines-pbcom-goes-live-with-temenos-saas-to-offer-digital-first-banking-services/
PH,core-banking,EastWest Banking Corporation,"Temenos Core SaaS for retail, SME and corporate (core banking modernization; legacy core not named)",replacing,2025,https://www.temenos.com/press_release/philippines-eastwest-to-accelerate-core-banking-modernization-with-temenos-saas/
PH,loan-origination-servicing,EastWest Banking Corporation,"Next-generation Loan Origination System (LOS), development initiated 2024, launch scheduled 2025",planned,2025,https://www.eastwestbanker.com/sites/default/files/pdf/annualreport/2024-annual-and-sustainability-report.pdf
PH,wealth-portfolio-accounting,Metropolitan Bank & Trust Co. (Metrobank),"Temenos Wealth (HNW/UHNW portfolio management, robo-advisory, onboarding) with CBTW as delivery partner",planned,2024,https://www.temenos.com/press_release/philippines-metrobank-selects-temenos-to-advance-its-wealth-management-business/
PH,cooperative-rural-microfinance-banking,Rang-ay Bank (rural bank),Oracle FLEXCUBE Universal Banking replacing legacy core system,replacing,2015,https://rbap.org/ph-rural-bank-taps-oracles-flexcube/
PH,cooperative-rural-microfinance-banking,Cantilan Bank Inc. (rural bank),Cloud-based SaaS core banking system (first BSP-regulated bank fully on SaaS core; ADB pilot under regulatory sandbox),in_use,2019,https://www.adb.org/publications/cloud-based-core-banking-philippines
PH,core-banking,Producers Savings Bank Corporation,Infosys Finacle Core Banking upgrade to latest version,replacing,2026,https://www.retailbankerinternational.com/news/producers-bank-infosys-finacle/
PH,loan-origination-servicing,Producers Savings Bank Corporation,Infosys Finacle Origination Solution (SME and individual lending),planned,2026,https://www.retailbankerinternational.com/news/producers-bank-infosys-finacle/
PH,core-banking,Union Bank of the Philippines (UnionBank),Infosys Finacle Digital Banking Suite SaaS on AWS (8M+ accounts migrated),in_use,2022,https://www.itnews.asia/news/unionbank-of-the-philippines-hits-milestone-in-app-migration-to-aws-577425
PH,core-banking,Union Bank of the Philippines (UnionBank),On-premises core banking deployment (moved to Finacle SaaS on AWS),replaced,2022,https://www.itnews.asia/news/unionbank-of-the-philippines-hits-milestone-in-app-migration-to-aws-577425
PH,financial-close-gl,Union Bank of the Philippines (UnionBank),SAP HANA Enterprise Cloud (SAP workloads migrating to AWS alongside Finacle),in_use,2022,https://thepaypers.com/fintech/news/unionbank-to-complete-migration-to-the-cloud-by-2022
PH,core-banking,UnionDigital Bank (UnionBank subsidiary),Thought Machine Vault Core,in_use,2022,https://www.thoughtmachine.net/press-releases/uniondigital-bank
PH,core-banking,"Bank of Commerce (BankCom, San Miguel group)","Infosys Finacle Core Banking, Liquidity Management and Customer Data Hub replacing legacy core platform",replacing,2023,https://financialit.net/news/core-banking/bank-commerce-selects-infosys-finacle-suite-its-core-banking-transformation
PH,core-banking,Rizal Commercial Banking Corporation (RCBC),Infosys Finacle core banking on Linux on IBM System z mainframe with DB2 for z/OS (live May 2012),in_use,2012,https://www.rcbc.com/Content/Web/img/about/pdf/annual/RCBC2012annualreport.pdf
PH,core-banking,Asia United Bank (AUB),Proprietary in-house core banking system (about 80% of applications built in-house); Oracle-based CRM and HR apps on Nutanix,in_use,unknown,https://www.nutanix.com/company/customers/asia-united-bank
PH,loan-origination-servicing,Bank of the Philippine Islands (BPI),New loan origination system with score-based decisioning for auto and housing loans (fully implemented),in_use,2023,https://www.bpi.com.ph/content/dam/bpi/documents/english/about-bpi/investor-relations/integrated-reports/BPI_IR23_20240903_edited_spread-compressed.pdf
PH,core-banking,Bank of the Philippine Islands (BPI),Core banking system upgrade (April 2019; vendor not disclosed; post-migration issues reported),in_use,2019,https://interaksyon.philstar.com/trends-spotlights/2019/04/12/147263/consequences-system-upgrade-banks-philippines-bpi/
PH,core-banking,China Banking Corporation (Chinabank),"Infosys Finacle (Finacle client; Finacle Innovation Award 2023), with cloud-first policy and 80% of VM workload moved to Azure",in_use,2023,https://www.chinabank.ph/pdf/CBC2023AFSR.pdf
PH,trade-finance,China Banking Corporation (Chinabank),"Trade Finance, Remittance and FX Retail systems upgrades in the pipeline",planned,2023,https://www.chinabank.ph/pdf/CBC2023AFSR.pdf
PH,card-payments-processing,China Banking Corporation (Chinabank),"Card-related processes, InstaPay client application and payment gateway upgraded",in_use,2023,https://www.chinabank.ph/pdf/CBC2023AFSR.pdf
PH,loan-origination-servicing,China Banking Corporation (Chinabank),Loan Origination application being improved as part of IT architecture overhaul,replacing,2023,https://www.chinabank.ph/pdf/CBC2023AFSR.pdf
PH,card-payments-processing,Security Bank Corporation,"ACI Worldwide Enterprise Payments Platform (cloud-native payment hub for InstaPay, PESONet, PDDTS, SWIFT, PhilPaSSplus on ISO 20022)",replacing,2023,https://www.intelligentcio.com/apac/2023/03/13/philippines-security-bank-corporation-partners-with-aci-worldwide-to-transform-real-time-payments-platform/
PH,core-banking,GoTyme Bank (JG Summit / Gokongwei Group JV with Tyme),Mambu cloud-native SaaS core banking,in_use,2023,https://www.jgsummit.com.ph/impact/gotyme-brings-mambu-s-powerful-cloud-banking-platform-to-the-philippines-20230306-lfrm2
PH,core-banking,Tonik Digital Bank,Finastra Fusion Essence core banking in the cloud (Azure),in_use,2020,https://www.retailbankerinternational.com/news/tonik-finastra/
PH,utility-billing-cis,Manila Electric Company (Meralco),"New Customer Information System (P1.76B, ERC provisional authority sought) replacing CMSv10 for ~6M customers; vendor not named",replacing,2016,https://www.philstar.com/business/2016/10/29/1637918/meralco-upgrades-customer-info-system
PH,mainframe-cobol-general,Manila Electric Company (Meralco),Customer accounts mainframe system installed 1997 (being supplemented/replaced by P325M CIS for large commercial clients),replacing,2013,https://www.gmanetwork.com/news/money/companies/298650/meralco-customers-to-eventually-pay-for-new-info-system-costing-p325m/story/
PH,utility-billing-cis,Manila Electric Company (Meralco),Data assessment in preparation to migrate to a new customer management system,replacing,2022,https://www.meralco.com.ph/2022-annual-report/strategic-report
PH,utility-billing-cis,Manila Water Company,SAP R/3 used for customer management (with Hitachi JP1 job management),in_use,unknown,https://www.hitachi.asia/ict-solutions/resource/case-studies/c_manila_water_co.html
PH,procurement-ap,Manila Water Company,SAP (vendor master data maintained by Vendor Sourcing and Support),in_use,2022,https://mediafiles.manilawater.com/legacy/storage/files/1/investor/Results%20and%20Presentations/SEC%20Form%2017-A%20(Annual%20Report%20for%20the%20year%20ended%202022)%20Part%201.pdf
PH,procurement-ap,Aboitiz InfraCapital (Aboitiz Group water/infrastructure),SAP Ariba spend management integrated with S/4HANA ERP (delaware Philippines),in_use,2024,https://www.dailyguardian.com.ph/blog/aboitiz-infracapital-boosts-efficiency-with-sap-solutions
PH,field-service-maintenance,Aboitiz InfraCapital (Aboitiz Group water/infrastructure),SAP S/4HANA Enterprise Asset Management,in_use,2024,https://www.dailyguardian.com.ph/blog/aboitiz-infracapital-boosts-efficiency-with-sap-solutions
PH,telecom-bss,PLDT Inc. and Smart Communications,"Comverse Kenan FX consolidated convergent billing platform (fixed, mobile, convergent)",in_use,2007,https://developingtelecoms.com/telecom-technology/telecom-revenue-billing/829-pldt-smart-select-comverse-kenan-fx-billing-platform.html
PH,telecom-bss,PLDT Inc.,"Amdocs OSS modernization and consolidation (service ordering, provisioning, activation) for consumer and enterprise",replacing,2020,https://www.telecomtv.com/content/oss-bss/pldt-signs-agreement-with-amdocs-to-accelerate-digital-transformation-of-enterprise-business-39172/
PH,telecom-bss,PLDT Inc.,"Amdocs next-generation OSS on public cloud (network inventory, service orchestration) plus Amdocs Customer Engagement Platform",replacing,2024,https://www.amdocs.com/news-press/pldt-selects-amdocs-digitally-transform-for-greater-agility-and-enhanced-customer-experience
PH,telecom-bss,PLDT Home (PLDT Inc.),"Amdocs modernization of core business platform for billing, customer care and order management (cloud-ready)",replacing,2026,https://www.telecomreviewasia.com/news/industry-news/29952-pldt-home-selects-amdocs-for-core-platform-modernization/
PH,telecom-bss,Globe Telecom,"Amdocs CES 8.1 convergent charging and billing, customer management, ordering and product catalog (7-year BSS transformation)",in_use,2012,https://www.prnewswire.com/news-releases/globe-selects-amdocs-for-strategic-bss-transformation-project-under-seven-year-agreement-149718635.html
PH,telecom-bss,Globe Telecom,Netcracker Digital OSS for B2C and B2B sales and delivery (contract extended),in_use,2021,https://www.netcracker.com/news/press-releases/globe-telecom-extends-oss-and-professional-services-agreement-with-netcracker
PH,financial-close-gl,Globe Telecom,SAP S/4HANA ERP (3-year SAP deal) with SAP Concur,in_use,2018,https://www.thefastmode.com/technology-solutions/13142-globe-telecom-upgrades-to-sap-s4-hana-intelligent-erp-for-real-time-decision-making
PH,procurement-ap,Globe Telecom,SAP Ariba Procure-to-Pay with touchless invoice processing,in_use,2018,https://www.thefastmode.com/technology-solutions/13142-globe-telecom-upgrades-to-sap-s4-hana-intelligent-erp-for-real-time-decision-making
PH,telecom-bss,DITO Telecommunity,"Whale Cloud DiTOP BSS/OSS (revenue management, product catalog, customer management)",in_use,2020,https://www.prnewswire.com/il/news-releases/dito-leverages-whale-cloud-s-telecom-solutions-to-expand-its-market-in-the-philippines-831493960.html
PH,telecom-bss,Converge ICT Solutions,"Three separate billing systems and three CRMs, integrated (not replaced) via Salesforce Service Cloud and MuleSoft with ERP and OSS",in_use,unknown,https://www.salesforce.com/ap/customer-stories/converge-ict/
PH,ehr-hospital,Makati Medical Center,Indra EMR on Integrated Hospital Information Management System (iHIMS); ED go-live first of four phases,in_use,2016,https://www.makatimed.net.ph/news/makatimed-electronic-medical-records-project-goes-live-at-emergency-department/
PH,ehr-hospital,St. Luke's Medical Center (Quezon City and Global City),"Altera Digital Health Sunrise EHR, replacing paper records",in_use,2024,https://www.alterahealth.com/newsroom/st-lukes-medical-center-transitions-to-digital-healthcare-with-sunrise-go-live/
PH,ehr-hospital,St. Luke's Medical Center,Wellsoft EDIS (emergency department information system),in_use,2017,https://www.medsphere.com/blog/st-lukes-medical-center-selects-wellsoft-edis-improve-emergency-care-philippines/
PH,ehr-hospital,St. Luke's Medical Center,In-house Hospital Information System (integrated with Wellsoft EDIS),in_use,2017,https://www.medsphere.com/blog/st-lukes-medical-center-selects-wellsoft-edis-improve-emergency-care-philippines/
PH,ehr-hospital,The Medical City (Ortigas),"Arcus Air Hospital Information System with EMR, orders, billing and cashiering",in_use,2021,https://www.themedicalcity.com/news/medical-city-ortigas-demonstrates-his-capabilities-visiting-colleagues-mayapada-hospital
PH,insurance-claims,Philippine Health Insurance Corporation (PhilHealth),"Electronic Claims (eClaims) System with accredited HITPs (TOPAZ, Eurolink, Medilink, Bizbox, TTSI, Segworks, DOH)",in_use,2017,https://www.philhealth.gov.ph/news/2017/orients_providers.html
PH,pension-provident-fund-admin,Government Service Insurance System (GSIS),"Integrated Loans, Membership, Acquired Assets and Accounts Management System (ILMAAAMS) on IBM DB2 (database crashes 2009)",in_use,2009,https://en.wikipedia.org/wiki/Government_Service_Insurance_System
PH,pension-provident-fund-admin,Government Service Insurance System (GSIS),Paperless retirement and life insurance claims via GSIS Touch app and Transaction Monitoring System,in_use,2025,https://insiderph.com/gsis-shifts-retirement-insurance-claims-to-digital-system
PH,insurance-policy-admin,Insular Life Assurance,Ingenium policy administration system (migration to new PAS in 2015),in_use,2015,https://www.munichre.com/automation-solutions/en/resources/case-studies/insular-life-philippines.html
PH,insurance-policy-admin,Insular Life Assurance,Munich Re ALLFINANZ Automated Underwriting System integrated with Ingenium,in_use,2015,https://www.munichre.com/automation-solutions/en/resources/case-studies/insular-life-philippines.html
PH,insurance-policy-admin,Sun Life of Canada (Philippines),Munich Re ALLFINANZ SPARK SaaS underwriting with Insight Origin and Data Exchange,in_use,2025,https://www.munichre.com/automation-solutions/en/about-us/newsroom/2025/Sun-Life-Philippines-ALLFINANZ-SPARK.html
PH,insurance-policy-admin,Allianz PNB Life Insurance,DXC Assure Integral cloud-native life and health policy management on AWS (integrated 12 systems),in_use,2025,https://finance.yahoo.com/news/dxc-technology-enables-allianz-pnb-020000557.html
UK,core-banking,TSB Bank plc,"Proteo4UK platform (Sabadell's Proteo, built and operated by SABIS Spain), which replaced the Lloyds Banking Group-provided systems in the April 2018 Main Migration Event",in_use,2018,https://www.fca.org.uk/publication/final-notices/tsb-bank-plc-2022.pdf
UK,core-banking,Santander UK plc,"Banco Santander Gravity, an in-house cloud-native core banking system, adopted by Consumer and Commercial Banking, with retail migration targeted for H1 2024 (successor to Partenon)",replacing,2023,https://www.santander.co.uk/assets/s3fs-public/documents/santander_uk_plc_annual_report_2023.pdf
UK,core-banking,Nationwide Building Society,"SAP core banking platform. Migration of 18 million existing Nationwide customer accounts to SAP completed, removing reliance on legacy systems",in_use,2026,https://www.nationwide.co.uk/-/assets/nationwidecouk/documents/about/how-we-are-run/results-and-accounts/2025-2026/annual-results-presentation-2026.pdf
UK,core-banking,The Co-operative Bank,"Single mortgage and savings platform (vendor not named). £19bn of mortgage balances and £5bn of savings moved onto one system, and legacy platforms and datacentres exited",in_use,2024,https://www.co-operativebank.co.uk/pdfs/bank/investorrelations/2024-annual-report-and-accounts.pdf
UK,mortgage-servicing,The Co-operative Bank,"Legacy mortgage platform(s), exited after all mortgage customers migrated to the new single platform",replaced,2024,https://www.co-operativebank.co.uk/pdfs/bank/investorrelations/2024-annual-report-and-accounts.pdf
UK,core-banking,Starling Bank,"Engine by Starling, a proprietary cloud-native core banking platform that also runs Starling and is sold as SaaS",in_use,2025,https://www.starlingbank.com/investors/2025/annual-report-2025/
UK,core-banking,Atom bank,"Thought Machine Vault, a cloud-native core. All savings accounts and balances migrated to the new platform",in_use,2021,https://www.atombank.co.uk/newsroom/atom-banks-annual-report-2021/
UK,core-banking,"OSB Group (Kent Reliance, Charter Savings Bank, Precise)","Mambu cloud core banking ('one core banking system to host all products'), with a new savings platform for Kent Reliance launched October 2024 and back-book migration under way",replacing,2024,https://www.osb.co.uk/media/gbujhlan/osbg-2024-ara.pdf ; https://mambu.com/en/customer/osb-group
UK,insurance-policy-admin,Phoenix Group,"TCS BaNCS, run by Diligenta. Consolidation of about 3 million policies from the ALPHA platform by 2026, after which ALPHA is to be decommissioned",replacing,2023,https://www.investegate.co.uk/announcement/rns/phoenix-group-holdings--phnx/miscellaneous-pgh-tcs-extension-of-partnership/7401752
UK,insurance-policy-admin,Phoenix Group (ReAssure),"ALPHA life and pensions administration platform, handed to Wipro to manage in place of the earlier plan to migrate to BaNCS",in_use,2025,https://www.moneymarketing.co.uk/news/phoenix-group-appoints-wipro-as-partner-for-reassure-platform/
UK,insurance-policy-admin,Scottish Widows (Lloyds Banking Group),TCS BaNCS administration platform (Diligenta). 3.8 million life and pensions customers migrated from multiple legacy systems,in_use,2025,https://itbrief.co.uk/story/tcs-completes-major-scottish-widows-policy-migration-to-digital
UK,wealth-portfolio-accounting,Scottish Widows (Lloyds Banking Group),"TCS BaNCS Wealth administration platform. About 980,000 retail customer portfolios migrated",in_use,2025,https://itbrief.co.uk/story/tcs-completes-major-scottish-widows-policy-migration-to-digital
UK,insurance-policy-admin,M&G plc,Most complex life assurance administration system transferred to Diligenta (TCS UK subsidiary),in_use,2019,https://group.mandg.com/~/media/Files/M/MandG-Plc/documents/download-our-report/full-ar-report.pdf
UK,insurance-policy-admin,Aviva plc,"Diligenta (TCS) outsourced life and pensions administration, under a 15-year partnership extension announced January 2024",in_use,2024,https://static.aviva.io/content/dam/aviva-corporate/documents/investors/pdfs/reports/2024/aviva-plc-annual-report-and-accounts-2024.pdf
UK,wealth-portfolio-accounting,Aviva plc,"FNZ wealth and platform technology, under a 15-year partnership extension announced January 2024",in_use,2024,https://static.aviva.io/content/dam/aviva-corporate/documents/investors/pdfs/reports/2024/aviva-plc-annual-report-and-accounts-2024.pdf
UK,insurance-policy-admin,"Chesnara plc (Countrywide Assured, CASLP)",SS&C policy administration system. UK books are being transferred to SS&C; the Canada Life UK book transfer completed February 2025,replacing,2024,https://www.chesnara.co.uk/~/media/Files/C/Chesnara-Plc-V2/documents/reports-and-presentations/financial-reports/2024/chesnara-report-and-accounts-2024.pdf
UK,insurance-claims,Admiral Group,"Guidewire ClaimCenter, the new claims management system for household (implemented by EY)",in_use,2021,https://www.guidewire.com/about/press-center/press-releases/20211021/admiral-broadens-guidewire-deployment-with-claims-go-live
UK,insurance-policy-admin,Admiral Group,Guidewire policy administration and billing for motor and household (Guidewire customer since 2013),in_use,2021,https://www.guidewire.com/about/press-center/press-releases/20211021/admiral-broadens-guidewire-deployment-with-claims-go-live
UK,insurance-policy-admin,Direct Line Group (now part of Aviva),"Cloud motor platform combining Guidewire, Mulesoft, Salesforce, AWS and WTW Radar Live (Capgemini as integrator), for Direct Line, Churchill and Privilege motor",in_use,2021,https://www.capgemini.com/news/press-releases/direct-line-group-launches-new-self-serve-platform-for-motor-lines-products/
UK,insurance-policy-admin,Direct Line Group (now part of Aviva),"Home re-platform. All own brands (Direct Line, Churchill, Privilege) live on the new technology platform, with existing policies being transferred",in_use,2024,https://static.aviva.io/content/dam/aviva-corporate/documents/investors/pdfs/reports/DLG/direct-line-group-annual-report-and-accounts-2024.pdf
UK,wealth-portfolio-accounting,St. James's Place,"Bluedoor administration platform (developed with and owned by SS&C), alongside Salesforce as the backbone of its technology",in_use,2023,https://www.sjp.co.uk/sites/sjp-corp-newux/files/SJP/reports-presentation/2024/SJP_AR_2023.pdf
UK,wealth-portfolio-accounting,St. James's Place,Project to migrate the offshore business onto Bluedoor (£29.9m added to the operational readiness prepayment in 2023),replacing,2023,https://www.sjp.co.uk/sites/sjp-corp-newux/files/SJP/reports-presentation/2024/SJP_AR_2023.pdf
UK,wealth-portfolio-accounting,Quilter plc,"Quilter Investment Platform on FNZ (transaction processing, custody, record keeping). Platform Transformation Programme completed and legacy platform decommissioned",in_use,2021,https://plc.quilter.com/siteassets/documents/reports/annual-report-strategic-report-2021.pdf ; https://plc.quilter.com/siteassets/documents/presentations/platform-transformation-slides-stven-levin-2021.pdf
UK,ehr-hospital,Cambridge University Hospitals NHS FT,Epic electronic patient record with the MyChart portal (eHospital programme),in_use,2014,https://www.cuh.nhs.uk/about-us/our-structure/other-departments/ehospital/
UK,ehr-hospital,Manchester University NHS FT,"Hive EPR powered by Epic, replacing hundreds of separate systems",in_use,2022,https://mft.nhs.uk/2022/09/08/hive-goes-live-new-patient-record-system-launches-at-mft/
UK,ehr-hospital,Guy's and St Thomas' NHS FT,"Epic electronic health record (Apollo programme), live 5 October 2023",in_use,2023,https://www.guysandstthomas.nhs.uk/news/new-electronic-patient-record-goes-live-across-guys-and-st-thomas-and-kings-college-hospital
UK,ehr-hospital,King's College Hospital NHS FT,"Epic electronic health record, replacing a number of historic IT systems and paper records",in_use,2023,https://www.kch.nhs.uk/about/electronic-health-record/
UK,lab-information,"Synnovis (GSTT, King's and SYNLAB pathology partnership)",New Epic-powered Laboratory Information Management System that consolidates the trusts' multiple LIMS into one,in_use,2023,https://www.guysandstthomas.nhs.uk/news/new-electronic-patient-record-goes-live-across-guys-and-st-thomas-and-kings-college-hospital
UK,ehr-hospital,Barts Health NHS Trust,Oracle Millennium (Cerner) electronic patient record,in_use,2025,https://www.bartshealth.nhs.uk/news/millennium-goodbye-paper-hello-digital-18081/
UK,ehr-hospital,"Barking, Havering and Redbridge University Hospitals NHS Trust",Joining Barts Health's Oracle Millennium EPR to create a shared record,replacing,2025,https://www.bartshealth.nhs.uk/news/millennium-goodbye-paper-hello-digital-18081/
UK,ehr-hospital,University Hospitals Coventry and Warwickshire NHS Trust,"EPR based on Oracle Health EHR, live 15 June 2024 and replacing paper notes and separate digital systems",in_use,2024,https://www.uhcw.nhs.uk/news/new-electronic-patient-record-system-launching-at-uhcw-nhs-trust-1/
UK,ehr-hospital,University Hospitals Birmingham NHS FT,"PICS (Prescribing Information and Communication System), an EHR developed in-house, with rollout to Paediatrics and Maternity",in_use,2024,https://www.uhb.nhs.uk/media/mven3sfv/quality-report-2023-2024.pdf
UK,ehr-hospital,Leeds Teaching Hospitals NHS Trust,"PPM+ (Patient Pathway Manager), the trust's own electronic health record, used by over 11,000 clinicians",in_use,2026,https://www.leedsth.nhs.uk/about/trust/strategy/investing-in-technologies/about-ppm/using-ppm-at-leeds/
UK,ehr-hospital,Royal Devon University Healthcare NHS FT,"Epic EPR (MY CARE), live in east Devon in 2020 and north Devon in 2022",in_use,2022,https://www.torbayandsouthdevon.nhs.uk/about-us/news-and-publications/news/2026/03/new-electronic-patient-record-goes-live-31482/
UK,ehr-hospital,Torbay and South Devon NHS FT,"Devon-wide shared Epic EPR, go-live 3 April 2026",in_use,2026,https://www.torbayandsouthdevon.nhs.uk/about-us/news-and-publications/news/2026/03/new-electronic-patient-record-goes-live-31482/
UK,ehr-hospital,University Hospitals Plymouth NHS Trust,"Devon-wide shared Epic EPR, switch-on scheduled for 23 July 2026",planned,2026,https://www.torbayandsouthdevon.nhs.uk/about-us/news-and-publications/news/2026/03/new-electronic-patient-record-goes-live-31482/
UK,ehr-hospital,East Suffolk and North Essex NHS FT,"Epic EPR, chosen after tender in November 2023. The trust site now links MyChart and EpicCare Link",in_use,2023,https://www.esneft.nhs.uk/hospital-trust-chooses-supplier-for-new-electronic-patient-record/
UK,ehr-hospital,Liverpool University Hospitals NHS FT,"Nervecentre EPR (£53m, 10 years) for Aintree, Broadgreen and Royal Liverpool, replacing a complex landscape of existing systems",planned,2026,https://htn.co.uk/2026/04/15/liverpool-university-hospitals-announces-10-year-epr-supplier/
UK,financial-close-gl,BT Group plc,"SAP finance. The 'Making Finance Brilliant' programme migrated about £60bn of gross costs, 220k projects, about 1m internal orders and nearly 14m fixed assets into SAP",in_use,2023,https://www.bt.com/bt-plc/assets/documents/investors/financial-reporting-and-news/annual-reports/2023/2023-bt-group-plc-annual-report.pdf
UK,payroll-hr,BT Group plc,"SAP SuccessFactors, the group's nominated HR system, after simplification of the HR system landscape",in_use,2023,https://www.bt.com/bt-plc/assets/documents/investors/financial-reporting-and-news/annual-reports/2023/2023-bt-group-plc-annual-report.pdf
UK,telecom-bss,Virgin Media O2,"Legacy mobile billing system decommissioned, which drove Q1 2024 postpaid disconnections",replaced,2024,https://www.libertyglobal.com/wp-content/uploads/2024/05/LG-Q1-2024-Press-Release.pdf
UK,telecom-bss,TalkTalk Business,"Aria Billing Cloud, pre-integrated with Salesforce Communications Cloud, as the billing system for a new back-office stack after the spin-out from TalkTalk Group",replacing,2024,https://www.ariasystems.com/resources/talktalk-business-selects-aria-billing-cloud/
UK,financial-close-gl,TalkTalk Group,"Microsoft Dynamics 365 Finance, replacing the end-of-life on-premises Dynamics AX 2012, with billing-system data fed in monthly",in_use,2025,https://www.microsoft.com/en/customers/story/23266-talktalk-dynamics-365-finance
UK,utility-billing-cis,E.ON UK (E.ON Next),"Kraken (Kraken Technologies). Over 2 million former npower customers migrated July 2020 to May 2021, with 3.5m existing E.ON customers following",in_use,2021,https://octopus.energy/press/eon-completes-migration-of-two-million-former-npower-customers-to-eon-next-in-record-speed/
UK,utility-billing-cis,EDF Energy (UK),Kraken. 5.8m residential and small business accounts migrated in 15 months from April 2023,in_use,2024,https://www.edfenergy.com/media-centre/edf-completes-migration-58m-customer-accounts-15-months
UK,utility-billing-cis,Octopus Energy Ltd,"Kraken proprietary platform (Kraken Technologies, part of OEGL), which also took 1.3m Shell Energy Retail customers in FY24 and earlier Bulb customers",in_use,2025,https://octopusenergy.group/static/documents/OEL_Annual_Report_FY25.pdf ; https://octopus.energy/documents/4350/A0883_Kraken_FY24_Annual_Report_-_signed.pdf
UK,utility-billing-cis,Centrica (British Gas Energy),Historic SAP billing system for UK residential customers. All customers migrated off it by end of 2025,replaced,2025,https://www.centrica.com/media/3srnxu5f/centrica-ara25-financial-statements.pdf
UK,utility-billing-cis,Centrica (British Gas Energy),ENSEK Ignition customer management and billing platform (ENSEK acquired for £91m in 2024). All UK residential customers on it by end of 2025,in_use,2025,https://www.centrica.com/media/3srnxu5f/centrica-ara25-financial-statements.pdf ; https://www.centrica.com/media/omyojrys/annual-report-24_cfo-report-and-business-review.pdf
UK,financial-close-gl,National Grid plc,"SAP S/4HANA 'MyFinance' ERP: ESO live April 2019, main UK go-live July 2021 for over 7,000 users, replacing ageing ERP systems",in_use,2021,https://www.mca.org.uk/consulting-case-studies/pwc-with-national-grid
UK,utility-billing-cis,Thames Water Utilities,"SAP IS-U billing with SAP C4C CRM (Wipro), replacing a legacy billing platform developed about 20 years earlier",in_use,2016-2019,https://www.wipro.com/utilities/videos/wipro-transforms-cx-at-thames-water-through-a-sap-c4cis-u-based-crm-and-billing-system/
UK,utility-billing-cis,Anglian Water,"SAP IS-U customer billing, with Experian Tallyman for collections, replicated daily from the billing system",in_use,2023,https://www.ofwat.gov.uk/wp-content/uploads/2023/07/Anglian-Water_response-to-questions-3a-to-3j_May-2023.pdf
UK,utility-billing-cis,South West Water (Pennon Group),"New end-to-end customer services platform (vendor not named), go-live expected in 2026/27",planned,2026,https://www.pennon-group.co.uk/sites/default/files/attachments/pdf/south-west-water-limited-31-march-2026.pdf
