category,regulator_approval_required,note,rule
agriculture-commodity,False,"No sector regulator approves or must be told in advance of a private trader or elevator replacing its grain-accounting ERP/CTRM in the US, EU or UK. Nearest rule: USDA FSA under the US Warehouse Act (7 CFR 735 licensing agreement) requires written FSA authorisation 30 days before a licensed warehouse changes its electronic warehouse receipt (EWR) provider. That covers the third-party central filing provider, not the core accounting system. Otherwise only SEC/SOX ICFR audit duties apply. Coded false.","true when, in the US, EU or UK, a sector regulator must approve or be formally notified in advance of replacing or outsourcing the core system (recoded 2026-10-05)"
airline-pss,True,"US: CBP (DHS) under 19 CFR 122.49a(b)(1)(ii)(E) must test and certify a carrier's electronic APIS transmission system before it is used, so a PSS/DCS swap needs CBP re-certification of the sending system. Treated like the rule's payment-scheme certification example. No aviation regulator (FAA, EASA, UK CAA) approves the PSS itself. Recoded from false. Borderline: this certifies the border-data interface, not the whole PSS.","true when, in the US, EU or UK, a sector regulator must approve or be formally notified in advance of replacing or outsourcing the core system (recoded 2026-10-05)"
capital-markets-trading-clearing,True,"EU: DORA (Reg. 2022/2554) Art. 28(3) makes trading venues, CCPs, CSDs and investment firms inform their competent authority (ESMA/NCAs) in a timely manner of planned ICT contracts supporting critical functions, and keep the register of information. US: SEC Regulation SCI (17 CFR 242.1003) requires reports of material systems changes, with SEC/CFTC rule filings for major platform moves such as OCC Ovation. UK: Bank of England supervision of CCPs and CSDs.","true when, in the US, EU or UK, a sector regulator must approve or be formally notified in advance of replacing or outsourcing the core system (recoded 2026-10-05)"
card-payments-processing,True,"Payment-scheme certification (Visa/Mastercard) of the new processing platform is needed before go-live, which the rule names as an example. EU: EBA Outsourcing Guidelines EBA/GL/2019/02 para 59 (these cover payment and e-money institutions) and DORA Art. 28(3) require notice to the competent authority before outsourcing critical functions. UK: Payment Services Regulations 2017 reg. 25 requires notice to the FCA of an intention to outsource operational functions.","true when, in the US, EU or UK, a sector regulator must approve or be formally notified in advance of replacing or outsourcing the core system (recoded 2026-10-05)"
construction-project-accounting,False,"US, EU and UK: no sector regulator approval or advance notice. DFARS 252.242-7006 (DoD/DCMA) has no prior-approval step for a system change, and FAR/CAS notices cover cost-accounting practices, not software. Davis-Bacon WH-347, ASC 606/IFRS 15 audit and UK HMRC CIS returns govern outputs only. Only audit and procurement duties apply.","true when, in the US, EU or UK, a sector regulator must approve or be formally notified in advance of replacing or outsourcing the core system (recoded 2026-10-05)"
cooperative-rural-microfinance-banking,True,"EU: cooperative banks are credit institutions under the EBA Outsourcing Guidelines EBA/GL/2019/02 para 59 (inform the competent authority in good time of planned critical outsourcing) and DORA Art. 28(3) plus the register of information. US: the Bank Service Company Act s.7(c) (12 USC 1867(c); FDIC 12 CFR 304.3) only requires notice within 30 days after contracting, so it does not by itself meet the advance-notice test. The EU rule does.","true when, in the US, EU or UK, a sector regulator must approve or be formally notified in advance of replacing or outsourcing the core system (recoded 2026-10-05)"
core-banking,True,"UK: PRA SS2/21 requires notice to the PRA before entering or significantly changing a material outsourcing, which covers a hosted core. EU: EBA Outsourcing Guidelines EBA/GL/2019/02 para 59 and DORA Art. 28(3) (ECB/NCAs). US: Bank Service Company Act 12 USC 1867(c) adds notice to FDIC/OCC/Fed within 30 days after contracting.","true when, in the US, EU or UK, a sector regulator must approve or be formally notified in advance of replacing or outsourcing the core system (recoded 2026-10-05)"
courts-justice,False,"US, EU and UK courts are self-governing buyers (AOUSC and state Judicial Councils, HMCTS, justice ministries). No sector regulator approves or must be notified. Gates are legislative appropriation, Treasury business cases and audit (NAO, state auditors). The FBI CJIS Security Policy is an ongoing security duty, not prior approval.","true when, in the US, EU or UK, a sector regulator must approve or be formally notified in advance of replacing or outsourcing the core system (recoded 2026-10-05)"
ehr-hospital,True,"US: ONC/ASTP Health IT Certification Program (45 CFR Part 170). CMS Medicare Promoting Interoperability (42 CFR Part 495) requires hospitals to use ONC-certified EHR technology (CEHRT), so a replacement EHR must be certified first. This is the rule's own named example. Recoded from false. EU and UK: no approval, only GDPR/NHS DSPT data protection.","true when, in the US, EU or UK, a sector regulator must approve or be formally notified in advance of replacing or outsourcing the core system (recoded 2026-10-05)"
erp-distribution,False,"No US, EU or UK regulator approves or must be told in advance of a distributor's ERP swap. Pharma wholesalers carry validation duties only (FDA DSCSA; EU GDP Guidelines 2013/C 343/01 computerised-system validation), and listed firms have SEC/SOX ICFR disclosure. These are validation and audit duties, not approval or notice.","true when, in the US, EU or UK, a sector regulator must approve or be formally notified in advance of replacing or outsourcing the core system (recoded 2026-10-05)"
erp-manufacturing,False,"No advance approval or notice in the US, EU or UK. FDA 21 CFR Part 11 and EU GMP Annex 11 require computerised-system validation evidence for inspectors. SEC Item 308(c) requires ICFR disclosure after the fact. DCMA/DFARS business-system reviews come after the fact. Validation and audit only.","true when, in the US, EU or UK, a sector regulator must approve or be formally notified in advance of replacing or outsourcing the core system (recoded 2026-10-05)"
field-service-maintenance,False,"For a general EAM/CMMS buyer, no US, EU or UK regulator approves or must be notified. The exception is limited to a subset: EASA Part-CAMO (Reg. 1321/2014) aviation CAMOs, where the competent authority approves the CAME that describes the record system. Under the cross-sector subset convention used for this coding, that does not flip the category. Utility PUC and Ofgem/ORR cost recovery is cost review, not approval.","true when, in the US, EU or UK, a sector regulator must approve or be formally notified in advance of replacing or outsourcing the core system (recoded 2026-10-05)"
financial-close-gl,False,"For ordinary companies no US, EU or UK regulator approves or must be notified. The constraint is the external audit (PCAOB/SOX ICFR, statutory audit). EBA GL/2019/02 and DORA notices apply only when a regulated financial institution outsources a critical GL function, which is a subset. Under the subset convention that does not flip the category.","true when, in the US, EU or UK, a sector regulator must approve or be formally notified in advance of replacing or outsourcing the core system (recoded 2026-10-05)"
gov-benefits,True,"US: 45 CFR 95.611 requires the federal program agencies (CMS, ACF, FNS) to approve an Advance Planning Document in advance before a state acquires eligibility or benefit system equipment or services with federal match. CMS also certifies Medicaid Enterprise Systems (42 CFR 433.116). This is sector-specific prior approval by the program overseer, not general procurement.","true when, in the US, EU or UK, a sector regulator must approve or be formally notified in advance of replacing or outsourcing the core system (recoded 2026-10-05)"
gov-licensing-permits,False,"The agency is its own regulator, and no external sector regulator approves or must be notified in the US, EU or UK. Steps such as the California Department of Technology project approval and the Dutch Adviescollege ICT-toetsing review are internal government governance and procurement.","true when, in the US, EU or UK, a sector regulator must approve or be formally notified in advance of replacing or outsourcing the core system (recoded 2026-10-05)"
gov-tax,False,"Recoded from true, borderline. The only outside advance notice is to the IRS Office of Safeguards under IRS Publication 1075 (IRC 6103(p)(4)): a Cloud Computing Notification and contractor 45-day notification at least 45 days before FTI moves to a cloud or contractor. That is a federal-tax-information data-protection safeguard, which the rule's false clause excludes. Everything else is legislative funding and audit (Congress/CRS, NAO, Bundesrechnungshof). Flip to true if Pub 1075 should count as a sector regulator's outsourcing notice.","true when, in the US, EU or UK, a sector regulator must approve or be formally notified in advance of replacing or outsourcing the core system (recoded 2026-10-05)"
insurance-claims,True,"EU: DORA Art. 28(3) requires timely notice to the NCA/EIOPA framework of planned ICT contracts supporting critical functions, plus the register. Solvency II Directive 2009/138/EC Art. 49(3) requires prior notification of critical outsourcing. UK: PRA SS2/21 requires prior notification of material outsourcing. US: no state pre-approval.","true when, in the US, EU or UK, a sector regulator must approve or be formally notified in advance of replacing or outsourcing the core system (recoded 2026-10-05)"
insurance-policy-admin,True,"EU: Solvency II Art. 49(3) requires notice to the supervisor before outsourcing critical functions, with EIOPA cloud guidelines EIOPA-BoS-20-002 and DORA Art. 28(3) on top. UK: PRA SS2/21 requires prior notification of material outsourcing. US: no prior approval, only state examinations afterwards.","true when, in the US, EU or UK, a sector regulator must approve or be formally notified in advance of replacing or outsourcing the core system (recoded 2026-10-05)"
lab-information,False,"For a general LIS, no US, EU or UK regulator approves or must be notified. CMS/CLIA (42 CFR 493) and CAP GEN.48500 impose lab-run validation, and UKAS/ISO 15189 accreditation applies. Exception limited to a subset: FDA clears blood establishment computer software as a Class II device by 510(k), so the blood-bank module must be FDA-cleared. That is a module-level subset and does not flip the category. Borderline.","true when, in the US, EU or UK, a sector regulator must approve or be formally notified in advance of replacing or outsourcing the core system (recoded 2026-10-05)"
land-registry,False,"Recoded from true. In the US, EU and UK the registry is a government body (HM Land Registry, EU national cadastres, US county recorders) and no external sector regulator approves or must be notified. The gates are legislation, county-board contract approval, Treasury business cases and audit offices (Rechnungshof, NAO). The examples in the old note (NSW Registrar General, Telangana, Malaysia, Queensland) are outside US/EU/UK.","true when, in the US, EU or UK, a sector regulator must approve or be formally notified in advance of replacing or outsourcing the core system (recoded 2026-10-05)"
loan-origination-servicing,True,"UK: PRA SS2/21 requires prior notification of material outsourcing (the TSB precedent involved PRA/FCA). EU: EBA Outsourcing Guidelines EBA/GL/2019/02 para 59 and DORA Art. 28(3). US: Bank Service Company Act 12 USC 1867(c) requires notice within 30 days after contracting, and a servicing transfer needs GSE approval.","true when, in the US, EU or UK, a sector regulator must approve or be formally notified in advance of replacing or outsourcing the core system (recoded 2026-10-05)"
mainframe-cobol-general,False,"No regulator approves a mainframe or COBOL replacement as such. Notice applies only when the owner is a bank or insurer (PRA SS2/21, EBA GL/2019/02, Solvency II Art. 49(3), DORA Art. 28(3)), and those are coded in their own sector categories. For this cross-industry residual category, only audit and legislative oversight remain (GAO, NAO, Bundesrechnungshof). Borderline: flips to true if any bank owner counts.","true when, in the US, EU or UK, a sector regulator must approve or be formally notified in advance of replacing or outsourcing the core system (recoded 2026-10-05)"
medical-billing-rcm,True,"US: CMS Medicare Claims Processing Manual (Pub 100-04) ch. 24. Providers must sign the CMS EDI Enrollment Agreement and must notify their Medicare Administrative Contractor (MAC/CEDI) in writing in advance of any change in billing agent or clearinghouse, and new submitters are tested before claims are accepted. Outsourcing or replacing the billing path is therefore a formal advance notice to CMS's contractor. Recoded from false. Borderline because CMS acts as payer as well as regulator.","true when, in the US, EU or UK, a sector regulator must approve or be formally notified in advance of replacing or outsourcing the core system (recoded 2026-10-05)"
mortgage-servicing,True,"US: Ginnie Mae (HUD) MBS Guide 5500.3 Ch. 21 Part 7 requires prior written approval for moves between subservicers or to an in-house servicing platform, with RFS testing. NY DFS and multistate consent orders have also forced platform moves (Ocwen). UK and EU bank servicers fall under PRA SS2/21, EBA GL/2019/02 and DORA Art. 28(3) advance notice.","true when, in the US, EU or UK, a sector regulator must approve or be formally notified in advance of replacing or outsourcing the core system (recoded 2026-10-05)"
payroll-hr,False,"No US, EU or UK regulator approves or must be notified of an employer's payroll or HR system swap. HMRC RTI software recognition and vendor IDs (UK) and IRS e-file formats are product-level technical submission tests, not approval of the employer's switch, and HMRC recognition is optional. Works-council co-determination (Germany BetrVG s.87(1)(6)) is labour law, not a regulator. Financial-firm outsourcing notices apply only to a subset.","true when, in the US, EU or UK, a sector regulator must approve or be formally notified in advance of replacing or outsourcing the core system (recoded 2026-10-05)"
pension-provident-fund-admin,True,"EU: IORP II Directive 2016/2341 Art. 31 requires IORPs to notify the competent authority before an outsourcing agreement for key functions enters into force, and DORA Art. 28(3) also applies to IORPs. UK: TPR does not approve admin changes. US: ERISA has no regulator approval. AU APRA CPS 230 is supporting evidence outside the test regions.","true when, in the US, EU or UK, a sector regulator must approve or be formally notified in advance of replacing or outsourcing the core system (recoded 2026-10-05)"
port-terminal-operating-system,False,"No US, EU or UK port or maritime regulator approves or must be notified of a TOS swap. Gates are port-authority board approval and public procurement, plus re-testing of interfaces with customs and port community systems (CBP, HMRC CDS via CSPs, EU UCC temporary-storage records). USCG MTSA facility security plans (33 CFR 105) cover gate security, not the TOS. Interface and procurement duties only.","true when, in the US, EU or UK, a sector regulator must approve or be formally notified in advance of replacing or outsourcing the core system (recoded 2026-10-05)"
procurement-ap,False,"No US, EU or UK regulator approves or must be notified. US-listed firms have SEC/SOX ICFR duties, public buyers have procurement law and auditors-general (NAO, GAO), and an AP system must connect to e-invoicing rails (Peppol, Italy SDI, Poland KSeF). These are general procurement, audit and integration duties.","true when, in the US, EU or UK, a sector regulator must approve or be formally notified in advance of replacing or outsourcing the core system (recoded 2026-10-05)"
retail-pos-merch,True,"Recoded from false, borderline. EU fiscal-POS certification: Italy's Agenzia delle Entrate only allows registratori telematici of an approved model, and each device must be activated and registered with the agency before use (DLgs 127/2015 art. 2). Germany's AO s.146a and KassenSichV require a BSI-certified technical security device (TSE) plus notice to the tax office within one month. Card acceptance also needs payment-scheme certification (EMV/PCI PTS), which the rule names as an example. These attach to the fiscal and payment layer of the POS, not to merchandising.","true when, in the US, EU or UK, a sector regulator must approve or be formally notified in advance of replacing or outsourcing the core system (recoded 2026-10-05)"
student-information,False,"No US, EU or UK education regulator approves or must be notified. US ED (IPEDS, Title IV) and UK OfS/HESA Data Futures and DfE census returns must keep flowing, but those are reporting duties. FERPA and GDPR are data protection, and state IT and funding gates are procurement oversight.","true when, in the US, EU or UK, a sector regulator must approve or be formally notified in advance of replacing or outsourcing the core system (recoded 2026-10-05)"
telecom-bss,True,"Recoded from false. UK: Ofcom General Condition C3 and the Ofcom Metering and Billing Direction require providers above the turnover threshold (GBP 40m in older documents; the current figure was not confirmed) to obtain approval of their Total Metering and Billing System from an Ofcom-recognised Approval Body (BABT, BSI, NQA). Providers must also inform that body of significant changes so it can set conditions for continued approval. A replacement billing platform needs approval, which mirrors the ONC certification model. EU and US: no general gate.","true when, in the US, EU or UK, a sector regulator must approve or be formally notified in advance of replacing or outsourcing the core system (recoded 2026-10-05)"
trade-finance,True,"UK: PRA SS2/21 requires prior notification of material outsourcing. EU: EBA Outsourcing Guidelines EBA/GL/2019/02 para 59 and DORA Art. 28(3) cover the SaaS and hosted moves (CGI Trade360, hosted DOKA-NG). US: Bank Service Company Act 12 USC 1867(c) notice within 30 days after contracting. A purely on-premise in-house replacement may avoid notice.","true when, in the US, EU or UK, a sector regulator must approve or be formally notified in advance of replacing or outsourcing the core system (recoded 2026-10-05)"
utility-billing-cis,False,"No US, EU or UK regulator pre-approves a CIS swap. US state PUCs review the cost for prudence in rate cases and enforce billing rules afterwards; the PUCO rule waivers for Duke Ohio were case-specific. Ofgem enforces billing standards after the fact (npower 2015). This is cost-recovery and enforcement review, not approval or advance notice of the replacement.","true when, in the US, EU or UK, a sector regulator must approve or be formally notified in advance of replacing or outsourcing the core system (recoded 2026-10-05)"
warehouse-management,False,"No US, EU or UK regulator approves or must be notified of a WMS swap. Pharma GDP and GxP validation and SOX duties apply. Customs-bonded and FTZ warehouses (CBP 19 CFR 19.12 and 146; EU UCC Art. 23(2) and 211 authorisations) must keep inventory records acceptable to customs. That is a bonded-warehouse subset, and under the subset convention it does not flip the category.","true when, in the US, EU or UK, a sector regulator must approve or be formally notified in advance of replacing or outsourcing the core system (recoded 2026-10-05)"
wealth-portfolio-accounting,True,"UK: FCA SUP 15.3.8G requires notice before entering or significantly changing a material outsourcing, such as a move to Avaloq SaaS or FNZ. EU: EBA Outsourcing Guidelines EBA/GL/2019/02 and DORA Art. 28(3). US: bank and trust units file Bank Service Company Act 12 USC 1867(c) notice within 30 days after contracting. SEC-registered RIAs need no sign-off.","true when, in the US, EU or UK, a sector regulator must approve or be formally notified in advance of replacing or outsourcing the core system (recoded 2026-10-05)"
